dataset,jobs,repeat,lane,case,wall_s,cpu_s,max_process_rss_kib
tail-speed,1,0,baseline,cold,3.5804744669999877,4.721813,299288
tail-speed,1,0,baseline,warm-clean,2.0409401389999857,2.599235,173708
tail-speed,1,0,baseline,no-op,0.03561227299996972,0.035463999999999996,34640
tail-speed,1,0,baseline,one-file,0.3803227030000471,0.457196,111416
tail-speed,1,0,baseline,broad,2.3742393759999914,3.130398,180816
tail-speed,1,0,candidate,cold,3.4267303889999994,4.508157,222300
tail-speed,1,0,candidate,warm-clean,2.0735571429999595,2.593983,173164
tail-speed,1,0,candidate,no-op,0.037636449999979504,0.034005,35024
tail-speed,1,0,candidate,one-file,0.38499128500001234,0.46191,111480
tail-speed,1,0,candidate,broad,2.3385339960000238,3.079573,181068
tail-speed,1,1,candidate,cold,3.6617091769999774,5.026498,224828
tail-speed,1,1,candidate,warm-clean,2.0034150660000023,2.587249,169308
tail-speed,1,1,candidate,no-op,0.03720169099995019,0.033682000000000004,35356
tail-speed,1,1,candidate,one-file,0.36288851599999816,0.433399,111392
tail-speed,1,1,candidate,broad,2.4903527519999784,3.342655,181784
tail-speed,1,1,baseline,cold,3.6106994410000084,4.893835,237656
tail-speed,1,1,baseline,warm-clean,1.9672115559999952,2.400814,173796
tail-speed,1,1,baseline,no-op,0.03913999600001716,0.037644,35996
tail-speed,1,1,baseline,one-file,0.37557003299997405,0.45172399999999996,111336
tail-speed,1,1,baseline,broad,2.218553292000024,2.7610430000000004,180664
tail-speed,1,2,baseline,cold,3.6394596840000304,5.006176,237796
tail-speed,1,2,baseline,warm-clean,1.9900549769999998,2.596347,168684
tail-speed,1,2,baseline,no-op,0.03709227300004159,0.034095,36508
tail-speed,1,2,baseline,one-file,0.355186792999973,0.416579,111416
tail-speed,1,2,baseline,broad,2.3644406329999583,3.005338,180384
tail-speed,1,2,candidate,cold,3.4854149480000274,4.729525,226992
tail-speed,1,2,candidate,warm-clean,1.9756613619999825,2.389734,175308
tail-speed,1,2,candidate,no-op,0.03581122899998945,0.035741999999999996,36972
tail-speed,1,2,candidate,one-file,0.35286846200000355,0.41935399999999995,111872
tail-speed,1,2,candidate,broad,2.2979891460000204,2.8914470000000003,182384
tail-speed,2,0,baseline,cold,3.4313269019999666,6.458303,207528
tail-speed,2,0,baseline,warm-clean,1.7674718469999675,3.087034,153304
tail-speed,2,0,baseline,no-op,0.037591056999985994,0.0388,37520
tail-speed,2,0,baseline,one-file,0.38079992899997706,0.47014999999999996,111832
tail-speed,2,0,baseline,broad,1.9947481369999878,3.531334,158516
tail-speed,2,0,candidate,cold,3.3178591690000303,6.425953,207820
tail-speed,2,0,candidate,warm-clean,1.7345140749999928,3.306423,158000
tail-speed,2,0,candidate,no-op,0.04102729500004898,0.037258,37992
tail-speed,2,0,candidate,one-file,0.39801624799997626,0.486008,111948
tail-speed,2,0,candidate,broad,1.947080157000073,3.7077920000000004,159812
tail-speed,2,1,candidate,cold,3.198913741999945,6.2051929999999995,209840
tail-speed,2,1,candidate,warm-clean,1.6734499799999867,3.242346,154600
tail-speed,2,1,candidate,no-op,0.038069353999958366,0.037132,38524
tail-speed,2,1,candidate,one-file,0.36290073800000755,0.433683,111596
tail-speed,2,1,candidate,broad,1.9436376540000992,3.6593720000000003,162916
tail-speed,2,1,baseline,cold,3.3022330980001016,6.290233,210744
tail-speed,2,1,baseline,warm-clean,1.7706037059999744,3.194272,156920
tail-speed,2,1,baseline,no-op,0.03868561399997361,0.037904,39032
tail-speed,2,1,baseline,one-file,0.3642521020000231,0.445528,111232
tail-speed,2,1,baseline,broad,2.025316142999941,3.626705,154676
tail-speed,2,2,baseline,cold,3.137595762999922,5.904706,211328
tail-speed,2,2,baseline,warm-clean,1.6127794190000486,2.905641,155732
tail-speed,2,2,baseline,no-op,0.03807210299999042,0.035843,39548
tail-speed,2,2,baseline,one-file,0.384277926999971,0.458762,111900
tail-speed,2,2,baseline,broad,1.8354388950000384,3.325689,154896
tail-speed,2,2,candidate,cold,3.13945491100003,6.117711999999999,205080
tail-speed,2,2,candidate,warm-clean,1.8078967520000333,3.3818129999999997,157664
tail-speed,2,2,candidate,no-op,0.03704518100005316,0.034698,40088
tail-speed,2,2,candidate,one-file,0.37840404700000363,0.465813,112080
tail-speed,2,2,candidate,broad,1.9226071080000793,3.703456,159756
tail-speed,4,0,baseline,cold,3.3639450370000077,6.266133,204884
tail-speed,4,0,baseline,warm-clean,1.7738013580000143,3.1948049999999997,154240
tail-speed,4,0,baseline,no-op,0.038832285000012234,0.038537999999999996,40616
tail-speed,4,0,baseline,one-file,0.3719909370000778,0.456293,111880
tail-speed,4,0,baseline,broad,2.106213969999999,3.7104049999999997,154840
tail-speed,4,0,candidate,cold,3.2847578580000345,6.3644240000000005,206464
tail-speed,4,0,candidate,warm-clean,1.7740962569999965,3.381661,160332
tail-speed,4,0,candidate,no-op,0.03887469599999349,0.037129999999999996,41148
tail-speed,4,0,candidate,one-file,0.3847573809999858,0.478124,111940
tail-speed,4,0,candidate,broad,1.968687511999974,3.764511,167356
tail-speed,4,1,candidate,cold,3.3988593960000344,6.616338,212096
tail-speed,4,1,candidate,warm-clean,1.7539391500000647,3.328402,159944
tail-speed,4,1,candidate,no-op,0.038550102999920455,0.035538,41636
tail-speed,4,1,candidate,one-file,0.39112339000007523,0.479981,111148
tail-speed,4,1,candidate,broad,2.0286918550000337,3.835407,158812
tail-speed,4,1,baseline,cold,3.4917209530000264,6.581589,208368
tail-speed,4,1,baseline,warm-clean,1.76866698799995,3.258003,153420
tail-speed,4,1,baseline,no-op,0.03943931599997086,0.038068,42184
tail-speed,4,1,baseline,one-file,0.38569764999999734,0.478014,111464
tail-speed,4,1,baseline,broad,1.8694603269999561,3.402755,155964
tail-speed,4,2,baseline,cold,2.998816609999949,5.573629,287276
tail-speed,4,2,baseline,warm-clean,1.852716547,3.405536,154672
tail-speed,4,2,baseline,no-op,0.038183325999966655,0.038415,42716
tail-speed,4,2,baseline,one-file,0.40818294199993943,0.501253,111224
tail-speed,4,2,baseline,broad,2.313588035999942,4.158192,156600
tail-speed,4,2,candidate,cold,3.634332554000025,6.8726140000000004,211236
tail-speed,4,2,candidate,warm-clean,1.8240467499999795,3.4096670000000002,159988
tail-speed,4,2,candidate,no-op,0.03966919100002997,0.03624,43256
tail-speed,4,2,candidate,one-file,0.43339567599991824,0.516888,111652
tail-speed,4,2,candidate,broad,1.9853469419999783,3.836252,160356
tail-final-speed,1,0,baseline,cold,3.908500150000009,5.36147,235052
tail-final-speed,1,0,baseline,warm-clean,2.101343435999979,2.739241,173624
tail-final-speed,1,0,baseline,no-op,0.037838602999954674,0.038249,34472
tail-final-speed,1,0,baseline,one-file,0.40514015599990216,0.493998,111984
tail-final-speed,1,0,baseline,broad,2.5450797299999977,3.231095,184564
tail-final-speed,1,0,candidate,cold,3.6292427559999396,5.0123679999999995,223144
tail-final-speed,1,0,candidate,warm-clean,2.0205103939999844,2.542062,172584
tail-final-speed,1,0,candidate,no-op,0.0364653740000449,0.03451,34984
tail-final-speed,1,0,candidate,one-file,0.36875056899998526,0.451989,111748
tail-final-speed,1,0,candidate,broad,2.2411416180000288,2.80638,180928
tail-final-speed,1,1,candidate,cold,3.4882683270000143,4.7200239999999996,228688
tail-final-speed,1,1,candidate,warm-clean,2.116678845000024,2.798532,181612
tail-final-speed,1,1,candidate,no-op,0.03610756600005516,0.037578,35496
tail-final-speed,1,1,candidate,one-file,0.38905377799994767,0.48354,111856
tail-final-speed,1,1,candidate,broad,2.4221541989999196,3.2210069999999997,181024
tail-final-speed,1,1,baseline,cold,3.7587714599999345,5.277374999999999,237952
tail-final-speed,1,1,baseline,warm-clean,2.0492505109999684,2.683746,168868
tail-final-speed,1,1,baseline,no-op,0.03963080600010471,0.037302999999999996,35880
tail-final-speed,1,1,baseline,one-file,0.3882437839999966,0.47602,111416
tail-final-speed,1,1,baseline,broad,2.463299377999988,3.178118,180820
tail-final-speed,1,2,baseline,cold,3.5904305950000435,4.87122,237212
tail-final-speed,1,2,baseline,warm-clean,1.9992702710000003,2.53761,173672
tail-final-speed,1,2,baseline,no-op,0.0372447640000928,0.035636999999999995,36392
tail-final-speed,1,2,baseline,one-file,0.37240840300000855,0.44640199999999997,111536
tail-final-speed,1,2,baseline,broad,2.4212960979999707,3.0471690000000002,174748
tail-final-speed,1,2,candidate,cold,3.563520095000058,4.735861999999999,222556
tail-final-speed,1,2,candidate,warm-clean,2.0311497279999458,2.5171330000000003,172452
tail-final-speed,1,2,candidate,no-op,0.037205278999977054,0.036289,36904
tail-final-speed,1,2,candidate,one-file,0.3849587720000045,0.461152,112128
tail-final-speed,1,2,candidate,broad,2.256852837999986,2.814813,180272
tail-final-speed,1,3,candidate,cold,3.5576472459999877,4.687507,222816
tail-final-speed,1,3,candidate,warm-clean,2.0802642899999455,2.7640510000000003,169112
tail-final-speed,1,3,candidate,no-op,0.03843141699996977,0.037664,37380
tail-final-speed,1,3,candidate,one-file,0.36421915400001126,0.423035,111600
tail-final-speed,1,3,candidate,broad,2.2598064179999255,2.770471,181892
tail-final-speed,1,3,baseline,cold,4.1236989179999455,5.770357,238024
tail-final-speed,1,3,baseline,warm-clean,2.03395548900005,2.724681,169196
tail-final-speed,1,3,baseline,no-op,0.03692242099998566,0.035975999999999994,37976
tail-final-speed,1,3,baseline,one-file,0.44767440700002226,0.531976,111280
tail-final-speed,1,3,baseline,broad,2.3781145850000485,2.98831,181540
tail-final-speed,1,4,baseline,cold,3.543397841000001,4.701448,223156
tail-final-speed,1,4,baseline,warm-clean,2.0347805469999685,2.577999,175244
tail-final-speed,1,4,baseline,no-op,0.03810753699997349,0.0348,38436
tail-final-speed,1,4,baseline,one-file,0.3568021040000531,0.43187699999999996,111560
tail-final-speed,1,4,baseline,broad,2.423725199000046,3.232304,180448
tail-final-speed,1,4,candidate,cold,3.6766758390000405,5.048055,237248
tail-final-speed,1,4,candidate,warm-clean,2.1054661090000764,2.81322,181612
tail-final-speed,1,4,candidate,no-op,0.03704935900009332,0.034693999999999996,38940
tail-final-speed,1,4,candidate,one-file,0.38589031399999385,0.474264,111960
tail-final-speed,1,4,candidate,broad,2.408445709000034,3.2401120000000003,181048
tail-final-speed,2,0,baseline,cold,3.540705868000032,6.774354000000001,205168
tail-final-speed,2,0,baseline,warm-clean,1.781866081999965,3.188262,154872
tail-final-speed,2,0,baseline,no-op,0.04501039900003434,0.041375999999999996,39464
tail-final-speed,2,0,baseline,one-file,0.44240475200001583,0.5387029999999999,111448
tail-final-speed,2,0,baseline,broad,2.0467417700000397,3.655042,166800
tail-final-speed,2,0,candidate,cold,3.611463307000008,7.075824,205420
tail-final-speed,2,0,candidate,warm-clean,1.7430786649999845,3.252707,159256
tail-final-speed,2,0,candidate,no-op,0.044616825000048266,0.041248999999999994,39992
tail-final-speed,2,0,candidate,one-file,0.4565906070000665,0.5331459999999999,111828
tail-final-speed,2,0,candidate,broad,1.9193446409999524,3.6843559999999997,165676
tail-final-speed,2,1,candidate,cold,3.287640789999955,6.262219,271004
tail-final-speed,2,1,candidate,warm-clean,1.665163491000044,3.129422,158960
tail-final-speed,2,1,candidate,no-op,0.03763878199993087,0.034221,40524
tail-final-speed,2,1,candidate,one-file,0.35675381200007905,0.432577,111780
tail-final-speed,2,1,candidate,broad,1.8851487929999848,3.568207,169628
tail-final-speed,2,1,baseline,cold,3.4913340220000464,6.532776999999999,209552
tail-final-speed,2,1,baseline,warm-clean,1.6755972459999384,3.057191,156016
tail-final-speed,2,1,baseline,no-op,0.03789051599994764,0.036961999999999995,41036
tail-final-speed,2,1,baseline,one-file,0.35482593599999745,0.430299,111312
tail-final-speed,2,1,baseline,broad,1.968328505000045,3.494632,155868
tail-final-speed,2,2,baseline,cold,3.315534279000076,6.1538070000000005,257836
tail-final-speed,2,2,baseline,warm-clean,1.7950619360000246,3.2129139999999996,154012
tail-final-speed,2,2,baseline,no-op,0.041071056999953726,0.040344000000000005,41568
tail-final-speed,2,2,baseline,one-file,0.38673031999996965,0.4766,111980
tail-final-speed,2,2,baseline,broad,1.9208117880000373,3.418695,157648
tail-final-speed,2,2,candidate,cold,3.3801300290000427,6.582604000000001,227788
tail-final-speed,2,2,candidate,warm-clean,1.750603338000019,3.318498,180188
tail-final-speed,2,2,candidate,no-op,0.03700100699995801,0.03360199999999999,42088
tail-final-speed,2,2,candidate,one-file,0.3819509029999608,0.45272,111716
tail-final-speed,2,2,candidate,broad,1.906187677000048,3.599757,159024
tail-final-speed,2,3,candidate,cold,3.3119291040000007,6.455858,209528
tail-final-speed,2,3,candidate,warm-clean,1.6450014149999106,3.0906,160740
tail-final-speed,2,3,candidate,no-op,0.0361685259999831,0.038141999999999995,42616
tail-final-speed,2,3,candidate,one-file,0.3815019360000633,0.471311,111700
tail-final-speed,2,3,candidate,broad,1.8990819289999763,3.572976,159712
tail-final-speed,2,3,baseline,cold,3.484110764000093,6.5253879999999995,220160
tail-final-speed,2,3,baseline,warm-clean,1.6613080409999839,3.017624,152716
tail-final-speed,2,3,baseline,no-op,0.038034287000073164,0.034962,43136
tail-final-speed,2,3,baseline,one-file,0.41524579899987657,0.501334,111880
tail-final-speed,2,3,baseline,broad,1.8984225009999136,3.4757190000000002,156488
tail-final-speed,2,4,baseline,cold,3.630985793000036,6.7639890000000005,204212
tail-final-speed,2,4,baseline,warm-clean,1.8191969790000257,3.228171,153112
tail-final-speed,2,4,baseline,no-op,0.037779222999915874,0.03569,43656
tail-final-speed,2,4,baseline,one-file,0.4051005870001063,0.49527299999999996,111860
tail-final-speed,2,4,baseline,broad,1.914039257000013,3.456068,156404
tail-final-speed,2,4,candidate,cold,3.2694144849999702,6.316113,213640
tail-final-speed,2,4,candidate,warm-clean,1.716567085999941,3.269888,158436
tail-final-speed,2,4,candidate,no-op,0.03847567299999355,0.038335,44180
tail-final-speed,2,4,candidate,one-file,0.3558070519998182,0.41664099999999993,111444
tail-final-speed,2,4,candidate,broad,1.8399020290000863,3.540921,159476
tail-final-speed,4,0,baseline,cold,3.083731293000028,5.790496,281244
tail-final-speed,4,0,baseline,warm-clean,1.6858224119998795,3.061653,153480
tail-final-speed,4,0,baseline,no-op,0.037596718000031615,0.036759,44704
tail-final-speed,4,0,baseline,one-file,0.37117871500004185,0.425446,111820
tail-final-speed,4,0,baseline,broad,2.0664233230002083,3.749431,154784
tail-final-speed,4,0,candidate,cold,3.425944825999977,6.655509,208784
tail-final-speed,4,0,candidate,warm-clean,1.7541450819999227,3.2847210000000002,160728
tail-final-speed,4,0,candidate,no-op,0.038086603000010655,0.037126,45216
tail-final-speed,4,0,candidate,one-file,0.35814412100012305,0.427767,111932
tail-final-speed,4,0,candidate,broad,1.8644252300000517,3.5401279999999997,161040
tail-final-speed,4,1,candidate,cold,3.3323287690000143,6.409373,237092
tail-final-speed,4,1,candidate,warm-clean,1.8296760050000103,3.481071,167016
tail-final-speed,4,1,candidate,no-op,0.03836727300017628,0.034842,45740
tail-final-speed,4,1,candidate,one-file,0.3744237419998626,0.43907099999999993,111708
tail-final-speed,4,1,candidate,broad,1.8954484869998396,3.588728,158708
tail-final-speed,4,1,baseline,cold,3.172479426000109,6.024484,207084
tail-final-speed,4,1,baseline,warm-clean,1.701101699999981,3.114633,155372
tail-final-speed,4,1,baseline,no-op,0.037676987999930134,0.035361,46236
tail-final-speed,4,1,baseline,one-file,0.3496513820000473,0.40399599999999997,111720
tail-final-speed,4,1,baseline,broad,1.8889592929999708,3.3673589999999995,154676
tail-final-speed,4,2,baseline,cold,3.325144127000158,6.271649999999999,215524
tail-final-speed,4,2,baseline,warm-clean,1.8283812739998666,3.27505,158572
tail-final-speed,4,2,baseline,no-op,0.039092809000067064,0.038134,46776
tail-final-speed,4,2,baseline,one-file,0.3730512939998789,0.427494,111212
tail-final-speed,4,2,baseline,broad,1.971919969000055,3.522211,210332
tail-final-speed,4,2,candidate,cold,3.4865179789999274,6.870567,216444
tail-final-speed,4,2,candidate,warm-clean,1.8249179320000621,3.52589,160732
tail-final-speed,4,2,candidate,no-op,0.03960675000007541,0.038884999999999996,47284
tail-final-speed,4,2,candidate,one-file,0.39025396100009857,0.470302,112076
tail-final-speed,4,2,candidate,broad,1.944421082999952,3.768296,159256
tail-final-speed,4,3,candidate,cold,3.599365904000024,7.063576,217580
tail-final-speed,4,3,candidate,warm-clean,1.7243879080001534,3.272172,159664
tail-final-speed,4,3,candidate,no-op,0.03785198700006731,0.036737,47808
tail-final-speed,4,3,candidate,one-file,0.3859048229999189,0.471821,111860
tail-final-speed,4,3,candidate,broad,1.8863713519999692,3.58246,159624
tail-final-speed,4,3,baseline,cold,3.609211693999896,6.8303769999999995,212616
tail-final-speed,4,3,baseline,warm-clean,1.8155529410000781,3.275058,153892
tail-final-speed,4,3,baseline,no-op,0.04005969800005005,0.036433999999999994,48364
tail-final-speed,4,3,baseline,one-file,0.3759268799999518,0.427885,111348
tail-final-speed,4,3,baseline,broad,1.9448685279999154,3.445551,154964
tail-final-speed,4,4,baseline,cold,3.558913402999906,6.7025310000000005,203788
tail-final-speed,4,4,baseline,warm-clean,1.80352360400002,3.3001750000000003,153676
tail-final-speed,4,4,baseline,no-op,0.039270840999961365,0.038327,48860
tail-final-speed,4,4,baseline,one-file,0.35713127500002884,0.438408,111592
tail-final-speed,4,4,baseline,broad,2.006445511000038,3.4861050000000002,210464
tail-final-speed,4,4,candidate,cold,3.393530094000198,6.523337000000001,207728
tail-final-speed,4,4,candidate,warm-clean,1.700879637000071,3.244731,160748
tail-final-speed,4,4,candidate,no-op,0.03988743199988676,0.03632,49404
tail-final-speed,4,4,candidate,one-file,0.3631677819998913,0.444378,111124
tail-final-speed,4,4,candidate,broad,1.9595031490000565,3.732357,159316
queue-speed,1,0,baseline,cold,3.3253032860000076,4.423286,223756
queue-speed,1,0,baseline,warm-clean,1.906725702000017,2.360576,173464
queue-speed,1,0,baseline,no-op,0.03922418800004834,0.03757,34572
queue-speed,1,0,baseline,one-file,0.3798325499999464,0.434321,111684
queue-speed,1,0,baseline,broad,2.3149856700000555,2.8730290000000003,187824
queue-speed,1,0,candidate,cold,3.4332507469999882,4.570742,225568
queue-speed,1,0,candidate,warm-clean,1.9670223489999898,2.5050280000000003,173744
queue-speed,1,0,candidate,no-op,0.036998759999960384,0.036537,34956
queue-speed,1,0,candidate,one-file,0.3544479639999736,0.426712,111336
queue-speed,1,0,candidate,broad,2.336412342000017,2.904254,182708
queue-speed,1,1,candidate,cold,3.4501685469999757,4.605777,223196
queue-speed,1,1,candidate,warm-clean,1.907070722999947,2.339484,173784
queue-speed,1,1,candidate,no-op,0.036588157000096544,0.033504,35304
queue-speed,1,1,candidate,one-file,0.3613284330000397,0.41756499999999996,111740
queue-speed,1,1,candidate,broad,2.330903856999953,2.953809,185912
queue-speed,1,1,baseline,cold,3.8955945599999495,5.204951,226772
queue-speed,1,1,baseline,warm-clean,2.067508470000007,2.726351,169156
queue-speed,1,1,baseline,no-op,0.04711332900001253,0.043455,35944
queue-speed,1,1,baseline,one-file,0.3719077580000203,0.443682,111600
queue-speed,1,1,baseline,broad,2.4290499599999293,3.107841,180616
queue-speed,1,2,baseline,cold,3.525466659000017,4.634145999999999,224460
queue-speed,1,2,baseline,warm-clean,2.094505793000053,2.682635,173132
queue-speed,1,2,baseline,no-op,0.04007015699994554,0.036060999999999996,36456
queue-speed,1,2,baseline,one-file,0.35391085300000213,0.405001,111388
queue-speed,1,2,baseline,broad,2.32491492500003,2.977547,181268
queue-speed,1,2,candidate,cold,3.5628437379999696,4.6583820000000005,298820
queue-speed,1,2,candidate,warm-clean,2.0320355179999297,2.683557,169504
queue-speed,1,2,candidate,no-op,0.03649317000008523,0.038155,36904
queue-speed,1,2,candidate,one-file,0.35981209800002034,0.424492,111252
queue-speed,1,2,candidate,broad,2.322610442999917,3.0767059999999997,180396
queue-speed,2,0,baseline,cold,3.348896236000087,6.3791899999999995,207088
queue-speed,2,0,baseline,warm-clean,1.8539987670000073,3.318934,154404
queue-speed,2,0,baseline,no-op,0.03896732400005476,0.038505,37432
queue-speed,2,0,baseline,one-file,0.4045990319999646,0.496083,112148
queue-speed,2,0,baseline,broad,2.053856265000036,3.5851040000000003,157608
queue-speed,2,0,candidate,cold,2.9012151169999925,5.6299410000000005,304300
queue-speed,2,0,candidate,warm-clean,1.7441565170000786,3.361409,153456
queue-speed,2,0,candidate,no-op,0.038300873000025604,0.035357,37944
queue-speed,2,0,candidate,one-file,0.39878730400005225,0.49431400000000003,111868
queue-speed,2,0,candidate,broad,1.8392912919999844,3.462437,228136
queue-speed,2,1,candidate,cold,3.5283822750000127,6.8923369999999995,216192
queue-speed,2,1,candidate,warm-clean,1.769006891999993,3.4087199999999998,158864
queue-speed,2,1,candidate,no-op,0.04057496899997659,0.037928,38452
queue-speed,2,1,candidate,one-file,0.39835735700000896,0.48799299999999995,111392
queue-speed,2,1,candidate,broad,1.8595332229999713,3.433144,228724
queue-speed,2,1,baseline,cold,3.54653542799997,6.706434,225312
queue-speed,2,1,baseline,warm-clean,1.610960602000091,2.8523970000000003,156128
queue-speed,2,1,baseline,no-op,0.03705235100005666,0.033851,38996
queue-speed,2,1,baseline,one-file,0.35292950899997777,0.41251399999999994,111900
queue-speed,2,1,baseline,broad,1.8552055810000638,3.2984400000000003,168064
queue-speed,2,2,baseline,cold,3.436544179000066,6.614604,217588
queue-speed,2,2,baseline,warm-clean,1.6188814319999665,2.936033,154532
queue-speed,2,2,baseline,no-op,0.03830888799996046,0.03627,39496
queue-speed,2,2,baseline,one-file,0.4068615360000649,0.495969,111768
queue-speed,2,2,baseline,broad,1.900407313999949,3.393598,167912
queue-speed,2,2,candidate,cold,3.7605097900000146,7.2486820000000005,209224
queue-speed,2,2,candidate,warm-clean,1.757699367999976,3.393756,154012
queue-speed,2,2,candidate,no-op,0.04127537499994105,0.041748999999999994,40036
queue-speed,2,2,candidate,one-file,0.3908716060000188,0.484983,111508
queue-speed,2,2,candidate,broad,2.0029765839999527,3.83823,165600
queue-speed,4,0,baseline,cold,3.2216510260000177,6.0933600000000006,204924
queue-speed,4,0,baseline,warm-clean,1.7818922810000686,3.16026,157928
queue-speed,4,0,baseline,no-op,0.038534957000024406,0.034622,40552
queue-speed,4,0,baseline,one-file,0.38270428399994216,0.47832399999999997,111856
queue-speed,4,0,baseline,broad,1.9514477540000144,3.512902,161044
queue-speed,4,0,candidate,cold,3.494620855999983,6.792639,207184
queue-speed,4,0,candidate,warm-clean,1.7779811430000336,3.439817,155336
queue-speed,4,0,candidate,no-op,0.03772423800000979,0.038149999999999996,41096
queue-speed,4,0,candidate,one-file,0.39180678499997157,0.485886,111472
queue-speed,4,0,candidate,broad,1.9920226800001046,3.8845419999999997,165428
queue-speed,4,1,candidate,cold,3.3789724340000475,6.631971999999999,238964
queue-speed,4,1,candidate,warm-clean,1.7717652570000837,3.432471,154200
queue-speed,4,1,candidate,no-op,0.038002483000013854,0.038412999999999996,41592
queue-speed,4,1,candidate,one-file,0.38969758999996884,0.46555399999999997,111500
queue-speed,4,1,candidate,broad,2.112240111999995,3.989605,169460
queue-speed,4,1,baseline,cold,3.4131121699999767,6.505374,285512
queue-speed,4,1,baseline,warm-clean,1.7379660100000365,3.1354550000000003,158636
queue-speed,4,1,baseline,no-op,0.03904139100006887,0.035697,42128
queue-speed,4,1,baseline,one-file,0.3950493339999639,0.49057799999999996,111864
queue-speed,4,1,baseline,broad,1.986410965999994,3.615711,155692
queue-speed,4,2,baseline,cold,3.2127760699999044,6.018644999999999,286536
queue-speed,4,2,baseline,warm-clean,1.738178232999985,3.165132,152704
queue-speed,4,2,baseline,no-op,0.03734257100006744,0.03626,42652
queue-speed,4,2,baseline,one-file,0.38536684799998966,0.477413,111392
queue-speed,4,2,baseline,broad,1.9899456550000423,3.613667,155012
queue-speed,4,2,candidate,cold,3.588785411999993,6.94876,224436
queue-speed,4,2,candidate,warm-clean,1.7890760739999223,3.4235889999999998,154812
queue-speed,4,2,candidate,no-op,0.036971008000023176,0.036736,43320
queue-speed,4,2,candidate,one-file,0.38967494999997143,0.481682,111440
queue-speed,4,2,candidate,broad,2.0154916559999947,3.871258,167108
tail-diagnostic,1,0,baseline,cold,3.879980585000112,5.416526,238640
tail-diagnostic,1,0,baseline,warm-clean,2.358355010999958,3.167181,173848
tail-diagnostic,1,0,baseline,no-op,0.03974950399992849,0.039547,34472
tail-diagnostic,1,0,baseline,one-file,0.39175006899995424,0.483191,111804
tail-diagnostic,1,0,baseline,broad,2.6008916729999783,3.515525,171368
tail-diagnostic,1,0,candidate,cold,4.019184496999969,5.363068,229908
tail-diagnostic,1,0,candidate,warm-clean,2.21169043399982,2.8919189999999997,170816
tail-diagnostic,1,0,candidate,no-op,0.04067020499996943,0.039136,35112
tail-diagnostic,1,0,candidate,one-file,0.3715794709999045,0.449044,111400
tail-diagnostic,1,0,candidate,broad,2.6365576620000866,3.506142,176304
tail-diagnostic,2,0,baseline,cold,3.5240137979999417,6.60997,217904
tail-diagnostic,2,0,baseline,warm-clean,1.7036622990001433,3.071256,153880
tail-diagnostic,2,0,baseline,no-op,0.03873536499986585,0.038037999999999995,35624
tail-diagnostic,2,0,baseline,one-file,0.38316637200000514,0.4688129999999999,111548
tail-diagnostic,2,0,baseline,broad,1.9911627730000419,3.603783,159072
tail-diagnostic,2,0,candidate,cold,3.364291116000004,6.496428,213488
tail-diagnostic,2,0,candidate,warm-clean,1.8565480430002026,3.5408820000000003,160284
tail-diagnostic,2,0,candidate,no-op,0.03873449399998208,0.04024,35872
tail-diagnostic,2,0,candidate,one-file,0.39018680200001654,0.46039399999999997,111572
tail-diagnostic,2,0,candidate,broad,1.9097967990001052,3.598408,159000
tail-diagnostic,4,0,baseline,cold,3.2812318080000296,6.036615,255836
tail-diagnostic,4,0,baseline,warm-clean,1.8575618930001383,3.345644,154664
tail-diagnostic,4,0,baseline,no-op,0.039219399000103294,0.039589,36384
tail-diagnostic,4,0,baseline,one-file,0.36019794699996055,0.41551299999999997,112028
tail-diagnostic,4,0,baseline,broad,2.0221122059999743,3.532916,154796
tail-diagnostic,4,0,candidate,cold,3.0982225379998454,6.014313,261952
tail-diagnostic,4,0,candidate,warm-clean,1.7601306070000646,3.36911,158404
tail-diagnostic,4,0,candidate,no-op,0.041072063000001435,0.041381,36896
tail-diagnostic,4,0,candidate,one-file,0.3580060570000114,0.43585799999999997,111264
tail-diagnostic,4,0,candidate,broad,1.998844568999857,3.775162,160124
queue-diagnostic,2,0,baseline,cold,3.8386743680000563,7.054919,211608
queue-diagnostic,2,0,baseline,warm-clean,2.0023452349998934,3.3464840000000002,153568
queue-diagnostic,2,0,baseline,no-op,0.04391375199998038,0.043924,34472
queue-diagnostic,2,0,baseline,one-file,0.39421309899989865,0.46370599999999995,111312
queue-diagnostic,2,0,baseline,broad,2.0552511830001094,3.6045339999999997,165872
queue-diagnostic,2,0,candidate,cold,3.4883347039999535,6.763327,202560
queue-diagnostic,2,0,candidate,warm-clean,1.704501983,3.2532970000000003,219732
queue-diagnostic,2,0,candidate,no-op,0.03821513499997309,0.036566,34984
queue-diagnostic,2,0,candidate,one-file,0.39291048599989153,0.47543099999999994,111500
queue-diagnostic,2,0,candidate,broad,1.8852093030000106,3.621778,224256
queue-diagnostic,4,0,baseline,cold,3.744054351999921,6.900640999999999,216196
queue-diagnostic,4,0,baseline,warm-clean,1.9441495180001311,3.380797,154480
queue-diagnostic,4,0,baseline,no-op,0.039894021999998586,0.036355,35496
queue-diagnostic,4,0,baseline,one-file,0.39218194400018547,0.44270899999999996,112036
queue-diagnostic,4,0,baseline,broad,2.0455138039999383,3.621429,166360
queue-diagnostic,4,0,candidate,cold,3.5004959389998476,6.752148,209360
queue-diagnostic,4,0,candidate,warm-clean,1.721574371000088,3.285972,212840
queue-diagnostic,4,0,candidate,no-op,0.03872304000014992,0.038715,35880
queue-diagnostic,4,0,candidate,one-file,0.39393089099985446,0.481629,111124
queue-diagnostic,4,0,candidate,broad,2.0933977380000215,4.044156,164864
regen-speed,1,0,baseline,regen,3.042465443999845,3.716755,171556
regen-speed,1,0,candidate,regen,2.6271853969999484,3.137883,171480
regen-speed,1,1,candidate,regen,2.640133345999857,3.2077069999999996,171464
regen-speed,1,1,baseline,regen,2.8239930149998145,3.3960019999999997,171428
regen-speed,1,2,baseline,regen,2.830612738999889,3.413871,171208
regen-speed,1,2,candidate,regen,2.636100015000011,3.2124,171648
regen-speed,2,0,baseline,regen,2.28549170600013,3.502971,154008
regen-speed,2,0,candidate,regen,2.324156764999998,3.826329,158012
regen-speed,2,1,candidate,regen,2.361420350999879,3.893872,158740
regen-speed,2,1,baseline,regen,2.3133530049999536,3.6123149999999997,154900
regen-speed,2,2,baseline,regen,2.364429502999883,3.6804810000000003,153652
regen-speed,2,2,candidate,regen,2.3943592949999584,3.917101,158676
regen-speed,4,0,baseline,regen,2.3794489570000223,3.846601,157108
regen-speed,4,0,candidate,regen,2.3577366479999,3.856603,159344
regen-speed,4,1,candidate,regen,2.3637651620001634,3.904613,159408
regen-speed,4,1,baseline,regen,2.3948126689999754,3.893167,159644
regen-speed,4,2,baseline,regen,2.376315052999871,3.780772,155400
regen-speed,4,2,candidate,regen,2.396817689000045,3.94872,159024
regen-wall,1,0,baseline,regen,2.797940131999894,3.467879,172028
regen-wall,1,0,candidate,regen,2.7270245570000498,3.3498609999999998,171360
regen-wall,1,1,candidate,regen,2.687513582999827,3.2309259999999997,170924
regen-wall,1,1,baseline,regen,2.7974895679999463,3.416354,171424
regen-wall,1,2,baseline,regen,2.820544770999959,3.561598,171452
regen-wall,1,2,candidate,regen,2.7107621759998892,3.232268,171496
regen-wall,2,0,baseline,regen,2.2918013000000883,3.614108,195864
regen-wall,2,0,candidate,regen,2.4060201620000043,3.955708,160052
regen-wall,2,1,candidate,regen,2.3724852979999014,3.951967,161432
regen-wall,2,1,baseline,regen,2.288950911000029,3.642902,153488
regen-wall,2,2,baseline,regen,2.285596698000063,3.677611,158832
regen-wall,2,2,candidate,regen,2.3961973960001615,4.056041,159432
regen-wall,4,0,baseline,regen,2.4580388509998556,4.054113,156052
regen-wall,4,0,candidate,regen,2.3327534750001178,3.855552,159016
regen-wall,4,1,candidate,regen,2.310906414999863,3.8850700000000002,159468
regen-wall,4,1,baseline,regen,2.354777955999907,3.808455,155208
regen-wall,4,2,baseline,regen,2.391650242999958,3.774151,155892
regen-wall,4,2,candidate,regen,2.4648578829999224,4.120871,154948
tail2-speed,1,0,baseline,cold,3.627479671999936,5.114250999999999,236148
tail2-speed,1,0,baseline,warm-clean,2.1649446390001685,2.812547,183404
tail2-speed,1,0,baseline,no-op,0.04219397000019853,0.040545,34480
tail2-speed,1,0,baseline,one-file,0.39479309300008936,0.50088,111436
tail2-speed,1,0,baseline,broad,2.3960911970000325,2.983971,182828
tail2-speed,1,0,candidate,cold,3.3144359689999874,4.339200999999999,226064
tail2-speed,1,0,candidate,warm-clean,1.9501870990000043,2.383002,174708
tail2-speed,1,0,candidate,no-op,0.03546322700003657,0.03345,34992
tail2-speed,1,0,candidate,one-file,0.35863200700009656,0.415941,111768
tail2-speed,1,0,candidate,broad,2.4999234520000755,3.17049,174900
tail2-speed,1,1,candidate,cold,3.68127408700002,4.878069,230908
tail2-speed,1,1,candidate,warm-clean,2.1344324369999867,2.835064,173412
tail2-speed,1,1,candidate,no-op,0.03739318399993863,0.036988,35504
tail2-speed,1,1,candidate,one-file,0.3815921369998705,0.46382599999999996,111440
tail2-speed,1,1,candidate,broad,2.3959757689999606,3.001547,182052
tail2-speed,1,1,baseline,cold,3.563522660999979,4.831372,229420
tail2-speed,1,1,baseline,warm-clean,2.0373523859998386,2.655488,169792
tail2-speed,1,1,baseline,no-op,0.0386137369998778,0.0369,35888
tail2-speed,1,1,baseline,one-file,0.3861117279998325,0.47308,111928
tail2-speed,1,1,baseline,broad,2.308179346000088,2.9680210000000002,181804
tail2-speed,1,2,baseline,cold,3.6021171699999286,4.946934,235728
tail2-speed,1,2,baseline,warm-clean,2.075125975999981,2.794667,169216
tail2-speed,1,2,baseline,no-op,0.0383622120000382,0.037337999999999996,36400
tail2-speed,1,2,baseline,one-file,0.3771526880000238,0.475143,111512
tail2-speed,1,2,baseline,broad,2.439118543999939,3.202289,181468
tail2-speed,1,2,candidate,cold,3.3588396120001107,4.49377,222936
tail2-speed,1,2,candidate,warm-clean,1.9607357330000923,2.4203829999999997,173712
tail2-speed,1,2,candidate,no-op,0.037714470000082656,0.034051,36912
tail2-speed,1,2,candidate,one-file,0.36138693099997,0.415764,111948
tail2-speed,1,2,candidate,broad,2.4526852589999635,3.1758569999999997,180740
tail2-speed,2,0,baseline,cold,3.494043531999978,6.62907,207464
tail2-speed,2,0,baseline,warm-clean,1.765266671000063,3.1937480000000003,152996
tail2-speed,2,0,baseline,no-op,0.038327546999880724,0.03573,37420
tail2-speed,2,0,baseline,one-file,0.3791772029999265,0.467135,111240
tail2-speed,2,0,baseline,broad,2.039055289000089,3.5441640000000003,156384
tail2-speed,2,0,candidate,cold,3.274776832000043,6.228546,214128
tail2-speed,2,0,candidate,warm-clean,1.7013237069998013,3.2395009999999997,157168
tail2-speed,2,0,candidate,no-op,0.03852947699988363,0.035846,37992
tail2-speed,2,0,candidate,one-file,0.37020794499994736,0.452102,111388
tail2-speed,2,0,candidate,broad,1.9169767089999823,3.6731879999999997,160544
tail2-speed,2,1,candidate,cold,3.5406456789999083,6.823632,210220
tail2-speed,2,1,candidate,warm-clean,1.530442765000089,2.8970529999999997,166752
tail2-speed,2,1,candidate,no-op,0.03719134400012081,0.034084,38448
tail2-speed,2,1,candidate,one-file,0.38234294400012914,0.4535,111872
tail2-speed,2,1,candidate,broad,1.8414335200000096,3.4605479999999997,163264
tail2-speed,2,1,baseline,cold,3.1299488560000555,5.964659999999999,270420
tail2-speed,2,1,baseline,warm-clean,1.7245070540000143,3.120455,156028
tail2-speed,2,1,baseline,no-op,0.038812010000128794,0.040282,38980
tail2-speed,2,1,baseline,one-file,0.4065640579999581,0.493009,111360
tail2-speed,2,1,baseline,broad,1.9784478659998967,3.54469,156152
tail2-speed,2,2,baseline,cold,3.3523183390000213,6.292407,281596
tail2-speed,2,2,baseline,warm-clean,1.8665729310000643,3.375264,154512
tail2-speed,2,2,baseline,no-op,0.03654514599998038,0.03344,39496
tail2-speed,2,2,baseline,one-file,0.385475316000111,0.467902,111396
tail2-speed,2,2,baseline,broad,2.081061062999879,3.6729920000000003,155348
tail2-speed,2,2,candidate,cold,3.009788687000082,5.862931,266824
tail2-speed,2,2,candidate,warm-clean,1.7810843209999803,3.303657,157676
tail2-speed,2,2,candidate,no-op,0.037660730999959924,0.03705,40032
tail2-speed,2,2,candidate,one-file,0.3588733379999667,0.418885,112148
tail2-speed,2,2,candidate,broad,1.937577254999951,3.7458039999999997,160068
tail2-speed,4,0,baseline,cold,3.28809957999988,6.226882,268564
tail2-speed,4,0,baseline,warm-clean,1.782602137999902,3.2168659999999996,156732
tail2-speed,4,0,baseline,no-op,0.039791465999996944,0.039106,40576
tail2-speed,4,0,baseline,one-file,0.3666228390000015,0.447531,111140
tail2-speed,4,0,baseline,broad,2.056872194000107,3.687558,156056
tail2-speed,4,0,candidate,cold,3.4564873430001626,6.6791979999999995,206152
tail2-speed,4,0,candidate,warm-clean,1.7124620070001129,3.164419,201860
tail2-speed,4,0,candidate,no-op,0.03968034800004716,0.039682999999999996,41116
tail2-speed,4,0,candidate,one-file,0.40122784000004685,0.47608599999999995,111636
tail2-speed,4,0,candidate,broad,1.9921776420001152,3.8005769999999997,159636
tail2-speed,4,1,candidate,cold,3.3554017950000343,6.4836920000000005,201328
tail2-speed,4,1,candidate,warm-clean,1.8012607509999725,3.3913170000000004,157280
tail2-speed,4,1,candidate,no-op,0.03851993099988249,0.034828,41640
tail2-speed,4,1,candidate,one-file,0.38854020700000547,0.46551299999999995,111524
tail2-speed,4,1,candidate,broad,2.0153415109998605,3.82293,158752
tail2-speed,4,1,baseline,cold,3.506430646000126,6.572934,207676
tail2-speed,4,1,baseline,warm-clean,1.7853143839997756,3.1755169999999997,154336
tail2-speed,4,1,baseline,no-op,0.03988414499985993,0.039561,42156
tail2-speed,4,1,baseline,one-file,0.3753632870000274,0.44156999999999996,111340
tail2-speed,4,1,baseline,broad,1.8715794340000684,3.361011,155316
tail2-speed,4,2,baseline,cold,3.487048500000128,6.5635069999999995,202328
tail2-speed,4,2,baseline,warm-clean,1.8560502109999106,3.376002,154568
tail2-speed,4,2,baseline,no-op,0.03921887399997104,0.037515,42672
tail2-speed,4,2,baseline,one-file,0.38429816999996547,0.474174,111280
tail2-speed,4,2,baseline,broad,2.0224218289999953,3.608461,154840
tail2-speed,4,2,candidate,cold,3.5518751390000034,6.944984,212008
tail2-speed,4,2,candidate,warm-clean,1.7505833410000378,3.2884379999999998,153256
tail2-speed,4,2,candidate,no-op,0.03674136700010422,0.03582,43208
tail2-speed,4,2,candidate,one-file,0.3562370940001074,0.41735099999999997,111020
tail2-speed,4,2,candidate,broad,1.813042378000091,3.419189,159416
tail2-diagnostic,2,0,baseline,cold,3.331107342999985,6.232943000000001,206788
tail2-diagnostic,2,0,baseline,warm-clean,1.7490280619999794,3.0618600000000002,159628
tail2-diagnostic,2,0,baseline,no-op,0.037849759999971866,0.036060999999999996,34464
tail2-diagnostic,2,0,baseline,one-file,0.35938786700012315,0.432286,111392
tail2-diagnostic,2,0,baseline,broad,2.0328035190000264,3.597914,159600
tail2-diagnostic,2,0,candidate,cold,3.2054532650001875,6.128391000000001,201580
tail2-diagnostic,2,0,candidate,warm-clean,1.6406766160000643,3.087525,164400
tail2-diagnostic,2,0,candidate,no-op,0.037280330000157846,0.034209,34976
tail2-diagnostic,2,0,candidate,one-file,0.3627839440000571,0.425989,111308
tail2-diagnostic,2,0,candidate,broad,1.8972208039999714,3.640244,161812
tail2-diagnostic,4,0,baseline,cold,3.4063055849999273,6.421606,206996
tail2-diagnostic,4,0,baseline,warm-clean,1.8275105249999797,3.269672,158716
tail2-diagnostic,4,0,baseline,no-op,0.03980601800003569,0.038102,35488
tail2-diagnostic,4,0,baseline,one-file,0.38011834299982183,0.451554,111872
tail2-diagnostic,4,0,baseline,broad,1.935810715000116,3.494646,163168
tail2-diagnostic,4,0,candidate,cold,3.0846907770001053,5.928675,216600
tail2-diagnostic,4,0,candidate,warm-clean,1.6570437579998725,3.0737449999999997,201504
tail2-diagnostic,4,0,candidate,no-op,0.038414038000155415,0.035161,35872
tail2-diagnostic,4,0,candidate,one-file,0.3933098959998915,0.46591899999999997,111428
tail2-diagnostic,4,0,candidate,broad,1.8842864589998953,3.562744,165476
tail2-regen,1,0,baseline,regen,2.6251288710000154,3.17448,171764
tail2-regen,1,0,candidate,regen,2.7064946039999995,3.365019,170636
tail2-regen,1,1,candidate,regen,2.8256533500000387,3.564588,171596
tail2-regen,1,1,baseline,regen,2.6711579299999357,3.392721,181272
tail2-regen,1,2,baseline,regen,2.7059689489999528,3.336856,171620
tail2-regen,1,2,candidate,regen,2.727855401999932,3.280494,172048
tail2-regen,2,0,baseline,regen,2.5234445779999533,3.9732,158336
tail2-regen,2,0,candidate,regen,2.3185373669998626,3.8783839999999996,167008
tail2-regen,2,1,candidate,regen,2.4323182410000754,4.078308,158652
tail2-regen,2,1,baseline,regen,2.459183402000008,4.010356,157632
tail2-regen,2,2,baseline,regen,2.3102045709999857,3.727705,156072
tail2-regen,2,2,candidate,regen,2.426335053999992,3.997412,157140
tail2-regen,4,0,baseline,regen,2.3837388750000628,3.963851,156144
tail2-regen,4,0,candidate,regen,2.423378567999862,4.133659,158756
tail2-regen,4,1,candidate,regen,2.3302872360000038,3.9029730000000002,167452
tail2-regen,4,1,baseline,regen,2.3805956349999633,3.756813,157164
tail2-regen,4,2,baseline,regen,2.4800194019999253,3.9833279999999998,154684
tail2-regen,4,2,candidate,regen,2.307470475999935,3.733913,227764
tail2-wall,1,0,baseline,regen,2.8848383289998765,3.688816,181852
tail2-wall,1,0,candidate,regen,2.7968628870000884,3.6678680000000004,181716
tail2-wall,1,1,candidate,regen,2.8223315490001823,3.666064,182284
tail2-wall,1,1,baseline,regen,2.7913959109998814,3.534447,170380
tail2-wall,1,2,baseline,regen,2.8141089270000066,3.4260639999999998,173592
tail2-wall,1,2,candidate,regen,2.777685285999951,3.500319,170736
tail2-wall,2,0,baseline,regen,2.33517375800011,3.658745,154000
tail2-wall,2,0,candidate,regen,2.338816283999904,3.898104,158360
tail2-wall,2,1,candidate,regen,2.287482315000034,3.779436,162388
tail2-wall,2,1,baseline,regen,2.3621936980000555,3.791387,155512
tail2-wall,2,2,baseline,regen,2.3486405459998423,3.814424,159704
tail2-wall,2,2,candidate,regen,2.430751915999963,3.8861909999999997,159044
tail2-wall,4,0,baseline,regen,2.4620428059999995,4.0042729999999995,154696
tail2-wall,4,0,candidate,regen,2.4486494969999058,4.127774,158004
tail2-wall,4,1,candidate,regen,2.377725961000124,4.045591,159948
tail2-wall,4,1,baseline,regen,2.4359484970000267,4.023485,155080
tail2-wall,4,2,baseline,regen,2.25397602299995,3.59923,196108
tail2-wall,4,2,candidate,regen,2.36202731100002,3.853327,157440
balanced-speed,1,0,baseline,cold,3.383707594000043,4.845777,233176
balanced-speed,1,0,baseline,warm-clean,1.6412215749999177,2.216965,168952
balanced-speed,1,0,baseline,no-op,0.03145073399991816,0.030661,34724
balanced-speed,1,0,baseline,one-file,0.3803809809999166,0.45692999999999995,111952
balanced-speed,1,0,baseline,broad,1.8726690840001083,2.405687,166400
balanced-speed,1,0,candidate,cold,2.9985791750000317,4.131076,223368
balanced-speed,1,0,candidate,warm-clean,1.6285700849998648,2.139043,168428
balanced-speed,1,0,candidate,no-op,0.031036420000191356,0.028495,35108
balanced-speed,1,0,candidate,one-file,0.37533925499997167,0.44944799999999996,111424
balanced-speed,1,0,candidate,broad,1.9644207650001135,2.630231,168272
balanced-speed,1,1,candidate,cold,3.0983630489999996,4.340091999999999,225076
balanced-speed,1,1,candidate,warm-clean,1.5924459249999927,2.078204,167924
balanced-speed,1,1,candidate,no-op,0.033517482999968706,0.032345,35432
balanced-speed,1,1,candidate,one-file,0.35070157700010895,0.42435599999999996,111264
balanced-speed,1,1,candidate,broad,1.8908358690000568,2.550814,168984
balanced-speed,1,1,baseline,cold,3.2581417880001027,4.631927,227428
balanced-speed,1,1,baseline,warm-clean,1.6372038120000525,2.2148760000000003,168872
balanced-speed,1,1,baseline,no-op,0.031924699000001056,0.031698,36072
balanced-speed,1,1,baseline,one-file,0.3759925800000019,0.44923199999999996,111596
balanced-speed,1,1,baseline,broad,1.9482471559999794,2.5440259999999997,167488
balanced-speed,1,2,baseline,cold,2.969697311000118,4.054057,224984
balanced-speed,1,2,baseline,warm-clean,1.6112958930000332,2.162788,168752
balanced-speed,1,2,baseline,no-op,0.031614170000011654,0.029273999999999998,36584
balanced-speed,1,2,baseline,one-file,0.37287193800011664,0.44563600000000003,111516
balanced-speed,1,2,baseline,broad,2.068403811000053,2.6858079999999998,169896
balanced-speed,1,2,candidate,cold,3.239503424000077,4.609645,233984
balanced-speed,1,2,candidate,warm-clean,1.6732911680001052,2.181425,180692
balanced-speed,1,2,candidate,no-op,0.032031357999812826,0.030123999999999998,37032
balanced-speed,1,2,candidate,one-file,0.38062075400011963,0.469028,111280
balanced-speed,1,2,candidate,broad,1.9744265690001157,2.719505,168820
balanced-speed,2,0,baseline,cold,2.9302475859999504,5.7257299999999995,215184
balanced-speed,2,0,baseline,warm-clean,1.3426414610000847,2.5664540000000002,151516
balanced-speed,2,0,baseline,no-op,0.0313075920000756,0.032151,37560
balanced-speed,2,0,baseline,one-file,0.3861017430001539,0.46050800000000003,111744
balanced-speed,2,0,baseline,broad,1.5924045280000882,3.0417180000000004,154052
balanced-speed,2,0,candidate,cold,2.8130534609999813,5.513094,285892
balanced-speed,2,0,candidate,warm-clean,1.330714860999933,2.525131,172680
balanced-speed,2,0,candidate,no-op,0.03233402199998636,0.029976999999999997,38072
balanced-speed,2,0,candidate,one-file,0.38623914100003276,0.476967,111816
balanced-speed,2,0,candidate,broad,1.595722225999907,3.044753,155212
balanced-speed,2,1,candidate,cold,2.8817864850000205,5.6161140000000005,288556
balanced-speed,2,1,candidate,warm-clean,1.3446008060000167,2.553656,180896
balanced-speed,2,1,candidate,no-op,0.03159759799996209,0.028863,38584
balanced-speed,2,1,candidate,one-file,0.38048202499999206,0.465794,111440
balanced-speed,2,1,candidate,broad,1.4497770759999185,2.771549,154352
balanced-speed,2,1,baseline,cold,2.7530982319999566,5.4064250000000005,278040
balanced-speed,2,1,baseline,warm-clean,1.325926040000013,2.4964809999999997,177128
balanced-speed,2,1,baseline,no-op,0.032532195000158026,0.029834999999999997,39136
balanced-speed,2,1,baseline,one-file,0.4211881109999922,0.49208399999999997,112064
balanced-speed,2,1,baseline,broad,1.4455961109999862,2.769286,153108
balanced-speed,2,2,baseline,cold,2.7533731470000475,5.366810999999999,268900
balanced-speed,2,2,baseline,warm-clean,1.4089975629999572,2.70356,148644
balanced-speed,2,2,baseline,no-op,0.03305358099987643,0.030625,39624
balanced-speed,2,2,baseline,one-file,0.35169952000001103,0.430116,111420
balanced-speed,2,2,baseline,broad,1.4590481660000023,2.737866,153276
balanced-speed,2,2,candidate,cold,2.9889140020000013,5.862598,217652
balanced-speed,2,2,candidate,warm-clean,1.3650045320000572,2.61152,172120
balanced-speed,2,2,candidate,no-op,0.03300526900011391,0.030398,40168
balanced-speed,2,2,candidate,one-file,0.37607408199983183,0.465018,111724
balanced-speed,2,2,candidate,broad,1.4897069820001434,2.803687,166268
balanced-speed,4,0,baseline,cold,3.1437691109999832,6.038221,209512
balanced-speed,4,0,baseline,warm-clean,1.4055625639998652,2.688315,151252
balanced-speed,4,0,baseline,no-op,0.031914821000100346,0.031770999999999994,40680
balanced-speed,4,0,baseline,one-file,0.40544142199996713,0.504952,111104
balanced-speed,4,0,baseline,broad,1.5461876500000926,2.974182,153788
balanced-speed,4,0,candidate,cold,2.590717790000099,5.07381,267004
balanced-speed,4,0,candidate,warm-clean,1.4185241180000503,2.728691,153720
balanced-speed,4,0,candidate,no-op,0.031950206999908914,0.029336999999999995,41224
balanced-speed,4,0,candidate,one-file,0.37830157100006545,0.47273,111388
balanced-speed,4,0,candidate,broad,1.5545601349999743,2.98567,154140
balanced-speed,4,1,candidate,cold,3.006241816000056,5.755804,269576
balanced-speed,4,1,candidate,warm-clean,1.4081241249998584,2.698179,152404
balanced-speed,4,1,candidate,no-op,0.032700359000045864,0.03192,41720
balanced-speed,4,1,candidate,one-file,0.37653029400007654,0.46731999999999996,111876
balanced-speed,4,1,candidate,broad,1.432920963000015,2.763254,210860
balanced-speed,4,1,baseline,cold,3.070655751000004,6.046888999999999,220388
balanced-speed,4,1,baseline,warm-clean,1.3887568899999678,2.683224,151736
balanced-speed,4,1,baseline,no-op,0.032463691999964794,0.029957,42256
balanced-speed,4,1,baseline,one-file,0.3775178829998822,0.47138299999999994,111416
balanced-speed,4,1,baseline,broad,1.576864088999855,3.043934,155288
balanced-speed,4,2,baseline,cold,3.030659990999993,5.930189,212008
balanced-speed,4,2,baseline,warm-clean,1.4125041679999413,2.706632,154284
balanced-speed,4,2,baseline,no-op,0.030871257999933732,0.029091,42780
balanced-speed,4,2,baseline,one-file,0.3827007739998862,0.468453,111912
balanced-speed,4,2,baseline,broad,1.5644836729998133,2.987677,153348
balanced-speed,4,2,candidate,cold,2.9545640369999546,5.742611,269808
balanced-speed,4,2,candidate,warm-clean,1.4163295390001167,2.70259,154208
balanced-speed,4,2,candidate,no-op,0.033077973999979804,0.032419,43332
balanced-speed,4,2,candidate,one-file,0.3723773879999044,0.458981,112324
balanced-speed,4,2,candidate,broad,1.5500150730001678,3.001769,161424
balanced-regen,1,0,baseline,regen,2.2715148049999243,2.740609,172024
balanced-regen,1,0,candidate,regen,2.223798608000152,2.712939,173480
balanced-regen,1,1,candidate,regen,2.198960269000054,2.6657539999999997,172604
balanced-regen,1,1,baseline,regen,2.254011139999875,2.890046,169556
balanced-regen,1,2,baseline,regen,2.3959938599998623,3.038457,167956
balanced-regen,1,2,candidate,regen,2.3424303089998375,2.893654,169476
balanced-regen,2,0,baseline,regen,2.1278730690000884,3.446038,151640
balanced-regen,2,0,candidate,regen,2.0003139460000057,3.284456,173012
balanced-regen,2,1,candidate,regen,2.043677776000095,3.293732,172132
balanced-regen,2,1,baseline,regen,2.0169990679999046,3.266931,152912
balanced-regen,2,2,baseline,regen,1.9756822589999956,3.250811,152928
balanced-regen,2,2,candidate,regen,2.1115252140000393,3.328524,197852
balanced-regen,4,0,baseline,regen,2.022450724999999,3.405186,151640
balanced-regen,4,0,candidate,regen,1.982821382999873,3.360769,153552
balanced-regen,4,1,candidate,regen,2.1279527090000556,3.488781,152952
balanced-regen,4,1,baseline,regen,1.9930277599999044,3.212175,157420
balanced-regen,4,2,baseline,regen,2.0560794079999596,3.335217,151836
balanced-regen,4,2,candidate,regen,2.002553369999987,3.359692,173408
balanced-wall,2,0,baseline,regen,1.9984163389999594,3.318341,153440
balanced-wall,2,0,candidate,regen,1.9857582079998792,3.325946,181268
balanced-wall,2,1,candidate,regen,1.920539865000137,3.1219710000000003,211584
balanced-wall,2,1,baseline,regen,2.046892643000092,3.335124,156804
balanced-wall,2,2,baseline,regen,2.067452127000024,3.380638,152428
balanced-wall,2,2,candidate,regen,2.0848936080001295,3.483971,154048
balanced-wall,4,0,baseline,regen,2.025341604999994,3.415347,152184
balanced-wall,4,0,candidate,regen,2.141870686999937,3.545598,152484
balanced-wall,4,1,candidate,regen,2.100098422000201,3.545865,154232
balanced-wall,4,1,baseline,regen,2.0216016050001144,3.3857939999999997,152384
balanced-wall,4,2,baseline,regen,1.9992354650000834,3.262864,152276
balanced-wall,4,2,candidate,regen,1.9928111930000796,3.332708,154516
balanced-diagnostic,2,0,baseline,cold,3.097341601999915,6.002071,216256
balanced-diagnostic,2,0,baseline,warm-clean,1.5256569359999048,2.8864289999999997,158376
balanced-diagnostic,2,0,baseline,no-op,0.033731851000084134,0.033101,34504
balanced-diagnostic,2,0,baseline,one-file,0.4058674760001395,0.505543,111432
balanced-diagnostic,2,0,baseline,broad,1.5619889849999709,2.979555,153264
balanced-diagnostic,2,0,candidate,cold,3.007856436999873,5.7205189999999995,210900
balanced-diagnostic,2,0,candidate,warm-clean,1.3898731130000215,2.660687,182128
balanced-diagnostic,2,0,candidate,no-op,0.0335124129999258,0.032789,35016
balanced-diagnostic,2,0,candidate,one-file,0.38771016500004407,0.480112,111296
balanced-diagnostic,2,0,candidate,broad,1.5126174920001176,2.864707,220440
balanced-diagnostic,4,0,baseline,cold,3.0917675440000494,6.028282000000001,215384
balanced-diagnostic,4,0,baseline,warm-clean,1.511723178000011,2.878359,160656
balanced-diagnostic,4,0,baseline,no-op,0.032395851000046605,0.031538,35528
balanced-diagnostic,4,0,baseline,one-file,0.38461606399982884,0.471618,111232
balanced-diagnostic,4,0,baseline,broad,1.5895437780000066,3.0243490000000004,165204
balanced-diagnostic,4,0,candidate,cold,3.0971466529999816,6.078486,208876
balanced-diagnostic,4,0,candidate,warm-clean,1.3641866829998435,2.6005320000000003,200956
balanced-diagnostic,4,0,candidate,no-op,0.03330434500003321,0.031324,35912
balanced-diagnostic,4,0,candidate,one-file,0.3795741460000954,0.4742,111876
balanced-diagnostic,4,0,candidate,broad,1.523827803000131,2.919387,211996
