repeat,case,lane,elapsed_us,files,code_units
0,missing-old,baseline,125638,401,10154220
0,missing-old,candidate,62410,401,10154220
0,same-old,baseline,105496,401,10154220
0,same-old,candidate,47148,401,10154220
0,changed-old,baseline,87424,401,10154220
0,changed-old,candidate,111748,401,10154220
1,missing-old,candidate,43933,401,10154220
1,missing-old,baseline,51876,401,10154220
1,same-old,candidate,47445,401,10154220
1,same-old,baseline,85832,401,10154220
1,changed-old,candidate,248463,401,10154220
1,changed-old,baseline,84700,401,10154220
2,missing-old,baseline,40302,401,10154220
2,missing-old,candidate,47664,401,10154220
2,same-old,baseline,90694,401,10154220
2,same-old,candidate,44189,401,10154220
2,changed-old,baseline,94746,401,10154220
2,changed-old,candidate,87769,401,10154220
3,missing-old,candidate,55694,401,10154220
3,missing-old,baseline,47699,401,10154220
3,same-old,candidate,57018,401,10154220
3,same-old,baseline,86442,401,10154220
3,changed-old,candidate,85599,401,10154220
3,changed-old,baseline,81814,401,10154220
4,missing-old,baseline,43090,401,10154220
4,missing-old,candidate,43715,401,10154220
4,same-old,baseline,81976,401,10154220
4,same-old,candidate,46861,401,10154220
4,changed-old,baseline,84439,401,10154220
4,changed-old,candidate,79966,401,10154220
5,missing-old,candidate,44181,401,10154220
5,missing-old,baseline,43619,401,10154220
5,same-old,candidate,38195,401,10154220
5,same-old,baseline,92096,401,10154220
5,changed-old,candidate,80148,401,10154220
5,changed-old,baseline,79015,401,10154220
6,missing-old,baseline,43411,401,10154220
6,missing-old,candidate,42335,401,10154220
6,same-old,baseline,78501,401,10154220
6,same-old,candidate,43412,401,10154220
6,changed-old,baseline,78732,401,10154220
6,changed-old,candidate,80823,401,10154220
