repeat,lane,elapsed_us,files,code_units,entries,retained_code_units
0,baseline,49657,401,7794924,0,0
0,candidate,26497,401,7794924,111,1031260
1,candidate,33414,401,7794924,111,1031260
1,baseline,50491,401,7794924,0,0
2,baseline,33797,401,7794924,0,0
2,candidate,34572,401,7794924,111,1031260
3,candidate,26585,401,7794924,111,1031260
3,baseline,46859,401,7794924,0,0
4,baseline,63386,401,7794924,0,0
4,candidate,44586,401,7794924,111,1031260
5,candidate,25293,401,7794924,111,1031260
5,baseline,65214,401,7794924,0,0
6,baseline,39937,401,7794924,0,0
6,candidate,24362,401,7794924,111,1031260
