experiment,jobs,repeat,lane,case,wall_s,cpu_s,max_process_rss_kib,output_bytes_match,phase_reset_ms,cleanup_reset_ms,dispatch_ms,worker_directives_ms,worker_cleanup_directives_ms,graph_clears
version-speed,2,0,baseline,cold,5.265294587999961,10.035599000000001,255240,True,,,,,,
version-speed,2,0,baseline,no-op,0.1693488129999423,0.16633,35036,True,,,,,,
version-speed,2,0,baseline,one-file,0.7086941100001241,0.819881,117452,True,,,,,,
version-speed,2,0,baseline,broad,3.6980283420002706,6.894978999999999,246436,True,,,,,,
version-speed,2,0,baseline,regen,16.391393855999922,27.234040999999998,622136,True,,,,,,
version-speed,2,0,baseline,warm-clean,3.191239296999811,5.918591,192140,True,,,,,,
version-speed,2,0,candidate,cold,5.996661599000163,11.583314999999999,268812,True,,,,,,
version-speed,2,0,candidate,no-op,0.17632386800005406,0.17802400000000002,35036,True,,,,,,
version-speed,2,0,candidate,one-file,0.7417267870000614,0.83649,121104,True,,,,,,
version-speed,2,0,candidate,broad,3.56270122099977,6.537912,269196,True,,,,,,
version-speed,2,0,candidate,regen,18.14750102400012,30.332842,620368,True,,,,,,
version-speed,2,0,candidate,warm-clean,3.7255868490001376,6.922431,172724,True,,,,,,
version-speed,2,1,candidate,cold,6.5473616300000685,12.310289000000001,282616,True,,,,,,
version-speed,2,1,candidate,no-op,0.17821491599988804,0.177525,35164,True,,,,,,
version-speed,2,1,candidate,one-file,0.8429168679999748,0.9814289999999999,117076,True,,,,,,
version-speed,2,1,candidate,broad,4.5908694149998155,8.402925,208668,True,,,,,,
version-speed,2,1,candidate,regen,21.208578493999994,33.811063,648292,True,,,,,,
version-speed,2,1,candidate,warm-clean,5.318071805000272,8.843023,194024,True,,,,,,
version-speed,2,1,baseline,cold,8.311721390999992,15.042374,265136,True,,,,,,
version-speed,2,1,baseline,no-op,0.17156689800003733,0.171378,35164,True,,,,,,
version-speed,2,1,baseline,one-file,1.4993254360001629,1.676564,117544,True,,,,,,
version-speed,2,1,baseline,broad,5.816527978000067,9.705278999999999,252260,True,,,,,,
version-speed,2,1,baseline,regen,22.03295856700015,35.754968,629392,True,,,,,,
version-speed,2,1,baseline,warm-clean,3.9839040890001343,7.390926,181752,True,,,,,,
version-speed,2,2,baseline,cold,7.272264673000336,14.037901,261860,True,,,,,,
version-speed,2,2,baseline,no-op,0.20599358800018308,0.20718799999999998,35164,True,,,,,,
version-speed,2,2,baseline,one-file,0.8002856839998458,0.939425,117476,True,,,,,,
version-speed,2,2,baseline,broad,4.3075105429998075,7.745680999999999,234704,True,,,,,,
version-speed,2,2,baseline,regen,27.31097561500019,43.555267,627740,True,,,,,,
version-speed,2,2,baseline,warm-clean,4.9839294659996085,9.009927,177836,True,,,,,,
version-speed,2,2,candidate,cold,6.323403908000273,11.260868,317300,True,,,,,,
version-speed,2,2,candidate,no-op,0.18587079999997513,0.18503199999999997,35164,True,,,,,,
version-speed,2,2,candidate,one-file,0.7475459749998663,0.860789,117128,True,,,,,,
version-speed,2,2,candidate,broad,3.970124758000111,7.3642389999999995,209040,True,,,,,,
version-speed,2,2,candidate,regen,19.994361130000016,32.343186,665568,True,,,,,,
version-speed,2,2,candidate,warm-clean,3.5094398689998343,6.613461,177380,True,,,,,,
version-speed,4,0,baseline,cold,5.512801807999949,10.622261,241848,True,,,,,,
version-speed,4,0,baseline,no-op,0.1855401279999569,0.19169699999999998,35164,True,,,,,,
version-speed,4,0,baseline,one-file,0.7181972230000611,0.8255659999999999,117936,True,,,,,,
version-speed,4,0,baseline,broad,4.396850696999991,8.231463999999999,191948,True,,,,,,
version-speed,4,0,baseline,regen,22.54395131000001,37.387215999999995,600392,True,,,,,,
version-speed,4,0,baseline,warm-clean,6.117974055000104,10.722631,171772,True,,,,,,
version-speed,4,0,candidate,cold,6.282220758999756,12.025767,254224,True,,,,,,
version-speed,4,0,candidate,no-op,0.17095995500039862,0.173709,35164,True,,,,,,
version-speed,4,0,candidate,one-file,0.9524814179999339,1.082491,117084,True,,,,,,
version-speed,4,0,candidate,broad,4.0639043109999875,7.661923,192168,True,,,,,,
version-speed,4,0,candidate,regen,20.48494262899976,33.177858,618736,True,,,,,,
version-speed,4,0,candidate,warm-clean,3.612858504000087,6.827497999999999,173188,True,,,,,,
version-speed,4,1,candidate,cold,6.664417255999979,12.906293999999999,237632,True,,,,,,
version-speed,4,1,candidate,no-op,0.17430652500024735,0.177363,35164,True,,,,,,
version-speed,4,1,candidate,one-file,0.7680403579997801,0.8834849999999999,117136,True,,,,,,
version-speed,4,1,candidate,broad,4.3875406339998335,8.309353,189544,True,,,,,,
version-speed,4,1,candidate,regen,20.020528079000087,32.779692000000004,629104,True,,,,,,
version-speed,4,1,candidate,warm-clean,3.703474984999957,7.036436,164740,True,,,,,,
version-speed,4,1,baseline,cold,6.40358434799964,12.408111,242216,True,,,,,,
version-speed,4,1,baseline,no-op,0.15217791900022348,0.151444,35548,True,,,,,,
version-speed,4,1,baseline,one-file,0.774206470000081,0.8899739999999999,117436,True,,,,,,
version-speed,4,1,baseline,broad,4.498723960999996,8.306524,187704,True,,,,,,
version-speed,4,1,baseline,regen,21.85408324800028,34.991239,624964,True,,,,,,
version-speed,4,1,baseline,warm-clean,3.792175643000064,7.0853909999999996,182372,True,,,,,,
version-speed,4,2,baseline,cold,6.235934416999953,12.049475,241860,True,,,,,,
version-speed,4,2,baseline,no-op,0.17847085699986565,0.176934,35548,True,,,,,,
version-speed,4,2,baseline,one-file,0.8151731110001492,0.934906,117604,True,,,,,,
version-speed,4,2,baseline,broad,4.105831124999895,7.676921,184400,True,,,,,,
version-speed,4,2,baseline,regen,22.80815661700035,37.718146,647684,True,,,,,,
version-speed,4,2,baseline,warm-clean,3.7224537500001134,7.0521080000000005,176184,True,,,,,,
version-speed,4,2,candidate,cold,6.124921494999853,11.699430999999999,280588,True,,,,,,
version-speed,4,2,candidate,no-op,0.168451444999846,0.168199,35548,True,,,,,,
version-speed,4,2,candidate,one-file,0.8454884080001648,1.001989,117348,True,,,,,,
version-speed,4,2,candidate,broad,4.120935860999907,7.719498,187112,True,,,,,,
version-speed,4,2,candidate,regen,21.680042008999862,35.160404,621980,True,,,,,,
version-speed,4,2,candidate,warm-clean,4.125435175000348,7.646275999999999,172732,True,,,,,,
version-wall,2,0,baseline,regen,24.156398439999975,38.515325,619552,True,148.705,115.872,3296.689,81.364,66.246,0
version-wall,2,0,candidate,regen,24.67717067800004,39.308099,627276,True,195.079,143.447,3434.581,126.499,108.173,0
version-wall,2,1,candidate,regen,21.147714638000252,34.920871,620256,True,167.497,120.941,3360.282,112.261,93.343,0
version-wall,2,1,baseline,regen,22.002678428999843,35.885264,618240,True,208.955,134.509,3585.645,113.778,94.16,0
version-wall,2,2,baseline,regen,22.30363504700017,36.184517,595320,True,200.916,154.867,3616.493,120.662,103.328,0
version-wall,2,2,candidate,regen,20.953749871000127,33.848186,693616,True,190.619,125.356,3553.075,108.026,88.587,0
version-wall,4,0,baseline,regen,21.875300824999613,36.082243000000005,627984,True,325.213,249.692,3388.017,471.47,414.747,0
version-wall,4,0,candidate,regen,21.29157949599994,34.023756,637364,True,336.96,235.354,3174.818,346.351,296.365,0
version-wall,4,1,candidate,regen,21.888557326999944,34.827789,621188,True,360.586,241.916,3426.418,403.752,326.751,0
version-wall,4,1,baseline,regen,21.071220790000098,34.521326,631632,True,350.131,241.158,3251.968,427.208,370.252,0
version-wall,4,2,baseline,regen,23.34454527400021,38.739031999999995,631116,True,362.05,271.359,3390.645,446.24,405.79,0
version-wall,4,2,candidate,regen,23.445012202999806,38.912535999999996,666460,True,355.369,264.957,3506.096,413.313,353.602,0
version-warm-wall,2,0,baseline,warm-clean,5.07765329699987,8.326932,186076,True,497.561,370.205,4266.586,432.279,390.909,0
version-warm-wall,2,0,candidate,warm-clean,5.659124038999835,9.770286,202228,True,269.899,210.32,4900.815,192.362,168.115,0
version-warm-wall,2,1,candidate,warm-clean,6.940627602999939,10.217986,257916,True,459.619,384.157,5924.379,268.795,237.027,0
version-warm-wall,2,1,baseline,warm-clean,5.0688310880000245,7.9482029999999995,181996,True,245.291,160.828,4479.792,208.799,155.789,0
version-warm-wall,2,2,baseline,warm-clean,2.8149347300000045,5.02829,259068,True,176.534,133.281,2354.065,165.285,138.319,0
version-warm-wall,2,2,candidate,warm-clean,3.028904813999816,5.5840119999999995,182900,True,153.545,112.559,2602.154,108.901,87.828,0
version-warm-wall,4,0,baseline,warm-clean,3.3603737449998334,6.215643999999999,169048,True,337.128,271.942,2679.991,614.824,551.148,0
version-warm-wall,4,0,candidate,warm-clean,3.5379322720000346,6.627235000000001,177900,True,321.629,232.07,2943.073,443.221,367.703,0
version-warm-wall,4,1,candidate,warm-clean,4.106738487000257,7.363963,180468,True,327.073,223.907,3361.86,395.317,336.306,0
version-warm-wall,4,1,baseline,warm-clean,3.8372624290000203,6.808865,265196,True,422.373,308.583,3115.827,816.34,715.898,0
version-warm-wall,4,2,baseline,warm-clean,3.0878340880003634,5.7913619999999995,161812,True,366.993,275.761,2452.531,685.705,583.792,0
version-warm-wall,4,2,candidate,warm-clean,3.5327432550002413,6.605318,169488,True,301.248,218.968,2959.878,351.376,277.303,0
version-detail,2,0,baseline,regen,19.362681459000214,31.352144,615712,True,245.208,185.94,4036.376,153.843,132.515,0
version-detail,2,0,candidate,regen,25.992690216000028,43.349405,716400,True,214.644,127.567,6164.705,145.252,113.447,0
version-detail,4,0,baseline,regen,23.893320441000014,38.731799,624116,True,468.737,375.904,4501.262,751.686,678.041,0
version-detail,4,0,candidate,regen,20.839257050000015,34.223034999999996,626428,True,450.629,312.158,4258.076,711.595,587.722,0
version-warm-detail,2,0,baseline,warm-clean,4.477309162999973,8.281221,569508,True,408.838,339.369,3731.762,352.989,313.8,0
version-warm-detail,2,0,candidate,warm-clean,4.938391066999884,9.175322,567744,True,297.379,214.207,4300.448,229.289,184.564,0
version-warm-detail,4,0,baseline,warm-clean,5.042934658999911,9.594263,565508,True,551.705,439.815,4147.734,1207.706,1070.273,0
version-warm-detail,4,0,candidate,warm-clean,4.6859128720002445,8.940394,560012,True,495.462,398.682,3837.511,868.821,775.051,0
unique-speed-final,2,0,baseline,cold,5.928493955000022,11.0086,265372,True,,,,,,
unique-speed-final,2,0,baseline,no-op,0.18376260900004127,0.183104,35152,True,,,,,,
unique-speed-final,2,0,baseline,one-file,1.0260937790001208,1.108227,120696,True,,,,,,
unique-speed-final,2,0,baseline,broad,6.099738904000105,9.900761,248820,True,,,,,,
unique-speed-final,2,0,baseline,regen,20.11743021899997,32.552976,621004,True,,,,,,
unique-speed-final,2,0,baseline,warm-clean,2.8188338600000407,5.1859969999999995,184912,True,,,,,,
unique-speed-final,2,0,candidate,cold,5.605068138999968,10.536302,247416,True,,,,,,
unique-speed-final,2,0,candidate,no-op,0.18627166500004932,0.183557,35152,True,,,,,,
unique-speed-final,2,0,candidate,one-file,0.9228284430000713,1.030703,117548,True,,,,,,
unique-speed-final,2,0,candidate,broad,4.1226306280000244,7.390867,243672,True,,,,,,
unique-speed-final,2,0,candidate,regen,20.171540684999854,33.256655,633404,True,,,,,,
unique-speed-final,2,0,candidate,warm-clean,3.6502228350000223,6.655251000000001,175028,True,,,,,,
unique-speed-final,2,1,candidate,cold,6.168498217999968,11.716505,270192,True,,,,,,
unique-speed-final,2,1,candidate,no-op,0.18557285500037324,0.18659799999999999,35280,True,,,,,,
unique-speed-final,2,1,candidate,one-file,0.7915269169998282,0.893218,116776,True,,,,,,
unique-speed-final,2,1,candidate,broad,4.272278768999968,7.453004,221076,True,,,,,,
unique-speed-final,2,1,candidate,regen,18.16913862399997,29.574255,645916,True,,,,,,
unique-speed-final,2,1,candidate,warm-clean,3.1120556579999175,5.7470289999999995,185132,True,,,,,,
unique-speed-final,2,1,baseline,cold,6.106728251999812,11.641646999999999,262568,True,,,,,,
unique-speed-final,2,1,baseline,no-op,0.20005284899980325,0.197538,35280,True,,,,,,
unique-speed-final,2,1,baseline,one-file,0.7360213839997414,0.866871,117368,True,,,,,,
unique-speed-final,2,1,baseline,broad,4.18199276400037,7.396018000000001,252156,True,,,,,,
unique-speed-final,2,1,baseline,regen,25.992540684000232,41.217697,629716,True,,,,,,
unique-speed-final,2,1,baseline,warm-clean,3.841366053999991,6.567733,179412,True,,,,,,
unique-speed-final,2,2,baseline,cold,7.870055807999961,15.059356,276868,True,,,,,,
unique-speed-final,2,2,baseline,no-op,0.16969501499988837,0.169811,35280,True,,,,,,
unique-speed-final,2,2,baseline,one-file,0.9259316040001977,1.004774,116920,True,,,,,,
unique-speed-final,2,2,baseline,broad,4.298976216000028,7.559235,201700,True,,,,,,
unique-speed-final,2,2,baseline,regen,20.816258481000204,34.063839,650264,True,,,,,,
unique-speed-final,2,2,baseline,warm-clean,2.9836859070001083,5.636004,182624,True,,,,,,
unique-speed-final,2,2,candidate,cold,5.4510305059998245,10.368979,284364,True,,,,,,
unique-speed-final,2,2,candidate,no-op,0.16407173000015973,0.16462,35280,True,,,,,,
unique-speed-final,2,2,candidate,one-file,1.0746899300002042,1.151448,117052,True,,,,,,
unique-speed-final,2,2,candidate,broad,4.079293952000171,7.368739000000001,208272,True,,,,,,
unique-speed-final,2,2,candidate,regen,17.49721704300009,28.817075,625748,True,,,,,,
unique-speed-final,2,2,candidate,warm-clean,2.870166917000006,5.367266,192240,True,,,,,,
unique-speed-final,4,0,baseline,cold,5.467613080999854,10.656788,231932,True,,,,,,
unique-speed-final,4,0,baseline,no-op,0.15843334800001685,0.157804,35280,True,,,,,,
unique-speed-final,4,0,baseline,one-file,0.6417367699996248,0.7466039999999999,117756,True,,,,,,
unique-speed-final,4,0,baseline,broad,3.623641629999838,6.890325,186412,True,,,,,,
unique-speed-final,4,0,baseline,regen,17.31021143399994,28.632002,692436,True,,,,,,
unique-speed-final,4,0,baseline,warm-clean,3.1297553049998896,5.961024,169356,True,,,,,,
unique-speed-final,4,0,candidate,cold,5.928442216000349,11.561473,311564,True,,,,,,
unique-speed-final,4,0,candidate,no-op,0.1721610839999812,0.16811399999999999,35280,True,,,,,,
unique-speed-final,4,0,candidate,one-file,0.7582664840001598,0.940286,118156,True,,,,,,
unique-speed-final,4,0,candidate,broad,3.5825979740002367,6.756493000000001,212608,True,,,,,,
unique-speed-final,4,0,candidate,regen,17.50042918500003,28.984069,630284,True,,,,,,
unique-speed-final,4,0,candidate,warm-clean,3.1804025840001486,5.965092,178056,True,,,,,,
unique-speed-final,4,1,candidate,cold,5.283599521999804,10.320723999999998,239472,True,,,,,,
unique-speed-final,4,1,candidate,no-op,0.17103387499992095,0.16844499999999998,35664,True,,,,,,
unique-speed-final,4,1,candidate,one-file,0.6371165529999416,0.744875,117676,True,,,,,,
unique-speed-final,4,1,candidate,broad,3.691588029000286,6.954509,197736,True,,,,,,
unique-speed-final,4,1,candidate,regen,21.42834462100018,33.03859,632408,True,,,,,,
unique-speed-final,4,1,candidate,warm-clean,3.3341795589999492,6.374258,270544,True,,,,,,
unique-speed-final,4,1,baseline,cold,5.794308327999715,11.095037,223172,True,,,,,,
unique-speed-final,4,1,baseline,no-op,0.16297973399969123,0.16018,35664,True,,,,,,
unique-speed-final,4,1,baseline,one-file,0.6527534839997315,0.7564819999999999,117468,True,,,,,,
unique-speed-final,4,1,baseline,broad,3.564488153000184,6.532483,191680,True,,,,,,
unique-speed-final,4,1,baseline,regen,19.890975096000147,32.142273,711052,True,,,,,,
unique-speed-final,4,1,baseline,warm-clean,4.46192628100016,8.237411999999999,168200,True,,,,,,
unique-speed-final,4,2,baseline,cold,13.491423557999951,24.489797,271468,True,,,,,,
unique-speed-final,4,2,baseline,no-op,0.20252205299993875,0.20099899999999998,35664,True,,,,,,
unique-speed-final,4,2,baseline,one-file,1.1120171239999763,1.267026,117220,True,,,,,,
unique-speed-final,4,2,baseline,broad,7.064850207999825,12.877308000000001,194520,True,,,,,,
unique-speed-final,4,2,baseline,regen,28.777527348999683,45.669203,627832,True,,,,,,
unique-speed-final,4,2,baseline,warm-clean,4.488670411000385,8.347322,194544,True,,,,,,
unique-speed-final,4,2,candidate,cold,6.160686061999968,11.714297,232228,True,,,,,,
unique-speed-final,4,2,candidate,no-op,0.21996157000012317,0.220114,35664,True,,,,,,
unique-speed-final,4,2,candidate,one-file,0.7947591399997691,0.9261649999999999,116924,True,,,,,,
unique-speed-final,4,2,candidate,broad,3.9509323960000984,7.267006,191772,True,,,,,,
unique-speed-final,4,2,candidate,regen,23.474591622999924,37.488544999999995,613884,True,,,,,,
unique-speed-final,4,2,candidate,warm-clean,4.190338474999862,7.956170999999999,176556,True,,,,,,
repeated-speed-v3,2,0,baseline,cold,7.202112092000107,13.520892,255180,True,,,,,,
repeated-speed-v3,2,0,baseline,no-op,0.15161441999998715,0.15446,35012,True,,,,,,
repeated-speed-v3,2,0,baseline,one-file,0.6900783480000428,0.826056,116680,True,,,,,,
repeated-speed-v3,2,0,baseline,broad,3.617055450999942,6.810865000000001,198696,True,,,,,,
repeated-speed-v3,2,0,candidate,cold,5.347632863999934,10.294678000000001,260676,True,,,,,,
repeated-speed-v3,2,0,candidate,no-op,0.13530084999979408,0.13818,35012,True,,,,,,
repeated-speed-v3,2,0,candidate,one-file,0.6407889790000354,0.751921,116676,True,,,,,,
repeated-speed-v3,2,0,candidate,broad,2.984530642999971,5.510664,193360,True,,,,,,
repeated-speed-v3,2,1,candidate,cold,5.247935687000108,9.990207,283288,True,,,,,,
repeated-speed-v3,2,1,candidate,no-op,0.14770376499996019,0.147535,35140,True,,,,,,
repeated-speed-v3,2,1,candidate,one-file,0.647134608999977,0.7781899999999999,116592,True,,,,,,
repeated-speed-v3,2,1,candidate,broad,3.6803282840000975,6.789981,182188,True,,,,,,
repeated-speed-v3,2,1,baseline,cold,5.522118543000033,10.625380999999999,237076,True,,,,,,
repeated-speed-v3,2,1,baseline,no-op,0.13913924400003452,0.13754,35140,True,,,,,,
repeated-speed-v3,2,1,baseline,one-file,0.605698613000186,0.712517,116316,True,,,,,,
repeated-speed-v3,2,1,baseline,broad,3.381971022000016,6.263016,177000,True,,,,,,
repeated-speed-v3,2,2,baseline,cold,5.1557751259999804,9.593075,243788,True,,,,,,
repeated-speed-v3,2,2,baseline,no-op,0.1672621000000163,0.164299,35140,True,,,,,,
repeated-speed-v3,2,2,baseline,one-file,0.7506567779998932,0.846278,116728,True,,,,,,
repeated-speed-v3,2,2,baseline,broad,3.4605309149999357,6.321791,180048,True,,,,,,
repeated-speed-v3,2,2,candidate,cold,4.9719641390001925,9.565595,231728,True,,,,,,
repeated-speed-v3,2,2,candidate,no-op,0.14918654099983542,0.148078,35140,True,,,,,,
repeated-speed-v3,2,2,candidate,one-file,0.6314365269997779,0.735378,116976,True,,,,,,
repeated-speed-v3,2,2,candidate,broad,3.4545710509999026,6.41897,181968,True,,,,,,
repeated-speed-v3,4,0,baseline,cold,5.171217800000022,9.877588,221996,True,,,,,,
repeated-speed-v3,4,0,baseline,no-op,0.13794118600003458,0.134613,35140,True,,,,,,
repeated-speed-v3,4,0,baseline,one-file,0.6563463840000168,0.7595129999999999,116616,True,,,,,,
repeated-speed-v3,4,0,baseline,broad,3.4392594369999188,6.484137,176736,True,,,,,,
repeated-speed-v3,4,0,candidate,cold,5.766727463000052,11.070409999999999,241052,True,,,,,,
repeated-speed-v3,4,0,candidate,no-op,0.12608127899989086,0.125945,35140,True,,,,,,
repeated-speed-v3,4,0,candidate,one-file,0.6412788000000091,0.7569619999999999,116996,True,,,,,,
repeated-speed-v3,4,0,candidate,broad,3.22388006999995,5.857273,189504,True,,,,,,
repeated-speed-v3,4,1,candidate,cold,8.508456649999971,14.890626000000001,275044,True,,,,,,
repeated-speed-v3,4,1,candidate,no-op,0.1330538820000129,0.13341,35140,True,,,,,,
repeated-speed-v3,4,1,candidate,one-file,0.6697691029999078,0.7918129999999999,116684,True,,,,,,
repeated-speed-v3,4,1,candidate,broad,3.737819087999924,6.6332379999999995,187252,True,,,,,,
repeated-speed-v3,4,1,baseline,cold,5.797432116999971,11.083119,282960,True,,,,,,
repeated-speed-v3,4,1,baseline,no-op,0.14068289400006506,0.139792,35140,True,,,,,,
repeated-speed-v3,4,1,baseline,one-file,0.6555296139999882,0.7712049999999999,115988,True,,,,,,
repeated-speed-v3,4,1,baseline,broad,3.669408358000055,6.720644,185176,True,,,,,,
repeated-speed-v3,4,2,baseline,cold,6.025466739999956,11.530659,243388,True,,,,,,
repeated-speed-v3,4,2,baseline,no-op,0.1441899829999329,0.140586,35524,True,,,,,,
repeated-speed-v3,4,2,baseline,one-file,0.6418874260000393,0.757008,116340,True,,,,,,
repeated-speed-v3,4,2,baseline,broad,2.9431678179998926,5.562676,172812,True,,,,,,
repeated-speed-v3,4,2,candidate,cold,6.436258323999937,12.403023,233304,True,,,,,,
repeated-speed-v3,4,2,candidate,no-op,0.14337119900005746,0.143225,35524,True,,,,,,
repeated-speed-v3,4,2,candidate,one-file,0.6316480769999089,0.727016,116788,True,,,,,,
repeated-speed-v3,4,2,candidate,broad,3.27833985999996,5.94466,175812,True,,,,,,
repeated-regen-final,2,0,baseline,regen,16.57572178800001,27.236083,623736,True,,,,,,
repeated-regen-final,2,0,baseline,warm-clean,3.15265079400001,5.992374,264448,True,,,,,,
repeated-regen-final,2,0,candidate,regen,19.26877958099999,30.774582,597932,True,,,,,,
repeated-regen-final,2,0,candidate,warm-clean,3.1880946759999915,5.905932,166960,True,,,,,,
repeated-regen-final,2,1,candidate,regen,16.948063724999884,28.020893,620352,True,,,,,,
repeated-regen-final,2,1,candidate,warm-clean,2.6961967029999414,4.967645,172068,True,,,,,,
repeated-regen-final,2,1,baseline,regen,17.69106597200016,29.729706999999998,649784,True,,,,,,
repeated-regen-final,2,1,baseline,warm-clean,3.868258143000048,7.004761,162680,True,,,,,,
repeated-regen-final,2,2,baseline,regen,17.505933432999882,28.709522,629148,True,,,,,,
repeated-regen-final,2,2,baseline,warm-clean,2.6704696869999225,4.974579,170644,True,,,,,,
repeated-regen-final,2,2,candidate,regen,16.473810932999868,26.991275,592160,True,,,,,,
repeated-regen-final,2,2,candidate,warm-clean,3.245429976999958,6.151186,171400,True,,,,,,
repeated-regen-final,4,0,baseline,regen,15.789121170000044,25.893542999999998,647688,True,,,,,,
repeated-regen-final,4,0,baseline,warm-clean,2.8119148179998774,5.167904,168812,True,,,,,,
repeated-regen-final,4,0,candidate,regen,15.713608402999853,26.03347,641648,True,,,,,,
repeated-regen-final,4,0,candidate,warm-clean,2.9279538540001795,5.623951,162136,True,,,,,,
repeated-regen-final,4,1,candidate,regen,14.769082978000142,24.369396,633452,True,,,,,,
repeated-regen-final,4,1,candidate,warm-clean,2.858446712999921,5.470853,175060,True,,,,,,
repeated-regen-final,4,1,baseline,regen,15.642303907000041,25.984493,637536,True,,,,,,
repeated-regen-final,4,1,baseline,warm-clean,3.3076450919998024,6.267446,260944,True,,,,,,
repeated-regen-final,4,2,baseline,regen,16.30183385500004,26.980405,634016,True,,,,,,
repeated-regen-final,4,2,baseline,warm-clean,2.9006183809999584,5.3322970000000005,164640,True,,,,,,
repeated-regen-final,4,2,candidate,regen,19.482586099999935,31.06658,601108,True,,,,,,
repeated-regen-final,4,2,candidate,warm-clean,3.0586716620000516,5.9181099999999995,168424,True,,,,,,
