group,jobs,repeat,lane,case,wall_s,cpu_s,max_process_rss_kib,output_count,output_bytes_match
experiment-prepared,2,0,baseline,cold,4.251625589000014,8.116636,242072,256,True
experiment-prepared,2,0,baseline,warm-clean,2.022233634000031,3.8153,153336,256,True
experiment-prepared,2,0,baseline,no-op,0.045825316999980714,0.044286,34688,256,True
experiment-prepared,2,0,baseline,one-file,0.5934652260000348,0.674847,111880,256,True
experiment-prepared,2,0,baseline,broad,2.075833694000039,3.9606410000000003,153696,256,True
experiment-prepared,2,0,candidate,cold,3.8462481510000543,7.4660649999999995,214912,256,True
experiment-prepared,2,0,candidate,warm-clean,1.9409568899999385,3.570899,156372,256,True
experiment-prepared,2,0,candidate,no-op,0.04067030299995622,0.038548,35072,256,True
experiment-prepared,2,0,candidate,one-file,0.4021333759999379,0.491569,111876,256,True
experiment-prepared,2,0,candidate,broad,2.03255035899997,3.869996,153396,256,True
experiment-prepared,2,1,candidate,cold,4.0316696890000685,7.933,211608,256,True
experiment-prepared,2,1,candidate,warm-clean,1.7953244039999845,3.399362,159484,256,True
experiment-prepared,2,1,candidate,no-op,0.033548683000049095,0.030997,35392,256,True
experiment-prepared,2,1,candidate,one-file,0.4475344649999897,0.5439999999999999,111064,256,True
experiment-prepared,2,1,candidate,broad,2.040554443000019,3.924801,154664,256,True
experiment-prepared,2,1,baseline,cold,3.708977860999994,7.29084,203716,256,True
experiment-prepared,2,1,baseline,warm-clean,1.6807392430000618,3.194097,159744,256,True
experiment-prepared,2,1,baseline,no-op,0.03811854000002768,0.035662,36032,256,True
experiment-prepared,2,1,baseline,one-file,0.5840491530000236,0.6712619999999999,111848,256,True
experiment-prepared,2,1,baseline,broad,1.8655227479999894,3.5589399999999998,153732,256,True
experiment-prepared,2,2,baseline,cold,3.6815580050000563,7.0913759999999995,271916,256,True
experiment-prepared,2,2,baseline,warm-clean,1.8792771350000521,3.567567,151904,256,True
experiment-prepared,2,2,baseline,no-op,0.05074539200006711,0.049624,36544,256,True
experiment-prepared,2,2,baseline,one-file,0.5285748270000568,0.6178469999999999,111624,256,True
experiment-prepared,2,2,baseline,broad,2.6001591320000443,4.923358,153624,256,True
experiment-prepared,2,2,candidate,cold,4.413927457999989,8.616099,203704,256,True
experiment-prepared,2,2,candidate,warm-clean,1.6836166260000027,3.244604,176972,256,True
experiment-prepared,2,2,candidate,no-op,0.03453411100008452,0.033484,37056,256,True
experiment-prepared,2,2,candidate,one-file,0.3983311329999424,0.486009,111372,256,True
experiment-prepared,2,2,candidate,broad,1.9503019679999625,3.71917,153832,256,True
experiment-prepared,4,0,baseline,cold,4.023320284000079,7.744987,205932,256,True
experiment-prepared,4,0,baseline,warm-clean,1.818227947999958,3.46206,151728,256,True
experiment-prepared,4,0,baseline,no-op,0.055028793000019505,0.052221,37544,256,True
experiment-prepared,4,0,baseline,one-file,0.6352890600001047,0.739099,111940,256,True
experiment-prepared,4,0,baseline,broad,1.8676017099999171,3.592066,208616,256,True
experiment-prepared,4,0,candidate,cold,4.2703951940000024,8.350864,203392,256,True
experiment-prepared,4,0,candidate,warm-clean,1.9873003430000153,3.816495,150404,256,True
experiment-prepared,4,0,candidate,no-op,0.045918964999941636,0.04374599999999999,38068,256,True
experiment-prepared,4,0,candidate,one-file,0.4502215510000269,0.543608,111936,256,True
experiment-prepared,4,0,candidate,broad,2.2572277719999647,4.037402,154336,256,True
experiment-prepared,4,1,candidate,cold,3.941306747999988,7.668724,250200,256,True
experiment-prepared,4,1,candidate,warm-clean,2.1231019499999775,4.062034,154224,256,True
experiment-prepared,4,1,candidate,no-op,0.05180054300001302,0.046771,38548,256,True
experiment-prepared,4,1,candidate,one-file,0.5463642849999815,0.613448,111516,256,True
experiment-prepared,4,1,candidate,broad,1.9886504209999885,3.786041,152988,256,True
experiment-prepared,4,1,baseline,cold,3.797057609000035,7.375288,201784,256,True
experiment-prepared,4,1,baseline,warm-clean,1.6790983509999933,3.2137659999999997,152824,256,True
experiment-prepared,4,1,baseline,no-op,0.03997971000001144,0.04008,39112,256,True
experiment-prepared,4,1,baseline,one-file,0.41423265899993567,0.49779799999999996,111880,256,True
experiment-prepared,4,1,baseline,broad,1.8933960549999256,3.606121,208568,256,True
experiment-prepared,4,2,baseline,cold,3.9917588039999146,7.594071,213272,256,True
experiment-prepared,4,2,baseline,warm-clean,1.6765679369999589,3.2460780000000002,153964,256,True
experiment-prepared,4,2,baseline,no-op,0.05167108000000553,0.050232,39616,256,True
experiment-prepared,4,2,baseline,one-file,0.4411655440000004,0.5279469999999999,111152,256,True
experiment-prepared,4,2,baseline,broad,2.0487744019999354,3.858738,154068,256,True
experiment-prepared,4,2,candidate,cold,3.469513515000017,6.773574,240696,256,True
experiment-prepared,4,2,candidate,warm-clean,1.573934429000019,3.0456209999999997,152720,256,True
experiment-prepared,4,2,candidate,no-op,0.0374397590001081,0.035647,40140,256,True
experiment-prepared,4,2,candidate,one-file,0.5030679480000799,0.633842,111928,256,True
experiment-prepared,4,2,candidate,broad,1.8181416700000455,3.518833,153828,256,True
experiment-regen,2,0,baseline,regen,2.1672177410000586,3.700798,151872,256,True
experiment-regen,2,0,candidate,regen,2.308233664999989,3.804668,154468,256,True
experiment-regen,2,1,candidate,regen,2.2611473929999875,3.811095,152004,256,True
experiment-regen,2,1,baseline,regen,2.358623003000048,3.8759490000000003,154252,256,True
experiment-regen,2,2,baseline,regen,2.084075195999958,3.422475,194432,256,True
experiment-regen,2,2,candidate,regen,2.191230530999974,3.725796,151884,256,True
experiment-regen,4,0,baseline,regen,2.309903249999934,3.8321579999999997,156572,256,True
experiment-regen,4,0,candidate,regen,2.2928772120000076,3.896001,152024,256,True
experiment-regen,4,1,candidate,regen,2.283889644999931,3.802923,151640,256,True
experiment-regen,4,1,baseline,regen,2.3496511949999785,3.9369490000000003,151960,256,True
experiment-regen,4,2,baseline,regen,2.2917300830000613,3.9488779999999997,152384,256,True
experiment-regen,4,2,candidate,regen,2.3311759590000065,3.869395,152084,256,True
diagnostics-prepared,2,0,baseline,cold,4.133306712000149,7.980443,205632,256,True
diagnostics-prepared,2,0,baseline,warm-clean,2.1372788179999134,3.973831,159092,256,True
diagnostics-prepared,2,0,baseline,no-op,0.04375043100003495,0.043907,34684,256,True
diagnostics-prepared,2,0,baseline,one-file,0.4857680079999227,0.593026,111376,256,True
diagnostics-prepared,2,0,baseline,broad,1.8998584240000582,3.618077,208852,256,True
diagnostics-prepared,2,0,candidate,cold,3.679882323000129,7.156969,208192,256,True
diagnostics-prepared,2,0,candidate,warm-clean,1.5789907670000503,2.9716240000000003,153192,256,True
diagnostics-prepared,2,0,candidate,no-op,0.030501576000006025,0.027721,34940,256,True
diagnostics-prepared,2,0,candidate,one-file,0.5460045199999968,0.634834,111924,256,True
diagnostics-prepared,2,0,candidate,broad,1.8719782420000683,3.5678199999999998,153164,256,True
diagnostics-prepared,2,1,candidate,cold,3.7370167440001296,7.283237,208292,256,True
diagnostics-prepared,2,1,candidate,warm-clean,1.5941836839999723,3.036651,156272,256,True
diagnostics-prepared,2,1,candidate,no-op,0.03438563600002453,0.033533999999999994,35452,256,True
diagnostics-prepared,2,1,candidate,one-file,0.5242940470000121,0.745381,111300,256,True
diagnostics-prepared,2,1,candidate,broad,1.7700641270000688,3.328611,208836,256,True
diagnostics-prepared,2,1,baseline,cold,4.171948482000062,8.172922999999999,204804,256,True
diagnostics-prepared,2,1,baseline,warm-clean,2.149573121000003,4.122725,152596,256,True
diagnostics-prepared,2,1,baseline,no-op,0.0446459520001099,0.044854,35964,256,True
diagnostics-prepared,2,1,baseline,one-file,0.5521524220000629,0.6300319999999999,111712,256,True
diagnostics-prepared,2,1,baseline,broad,2.456351274000099,4.70359,154036,256,True
diagnostics-prepared,2,2,baseline,cold,4.477285346999906,8.720498000000001,210656,256,True
diagnostics-prepared,2,2,baseline,warm-clean,2.1813469950000126,4.156657,149384,256,True
diagnostics-prepared,2,2,baseline,no-op,0.03498480700000073,0.033594,36476,256,True
diagnostics-prepared,2,2,baseline,one-file,0.44856765400004406,0.5595479999999999,111328,256,True
diagnostics-prepared,2,2,baseline,broad,1.9702905340000143,3.7109680000000003,153448,256,True
diagnostics-prepared,2,2,candidate,cold,3.8822237700001097,7.531424,286308,256,True
diagnostics-prepared,2,2,candidate,warm-clean,1.7152736059999825,3.273598,195572,256,True
diagnostics-prepared,2,2,candidate,no-op,0.04296750000003158,0.042427,36988,256,True
diagnostics-prepared,2,2,candidate,one-file,0.624049985000056,0.698271,111236,256,True
diagnostics-prepared,2,2,candidate,broad,2.236393555000177,4.198378,208824,256,True
diagnostics-prepared,4,0,baseline,cold,3.782447026,7.3402389999999995,287624,256,True
diagnostics-prepared,4,0,baseline,warm-clean,1.8336459879999438,3.550144,196020,256,True
diagnostics-prepared,4,0,baseline,no-op,0.03735666200009291,0.036176,37472,256,True
diagnostics-prepared,4,0,baseline,one-file,0.41947640400007913,0.5106879999999999,111444,256,True
diagnostics-prepared,4,0,baseline,broad,2.15417252799989,4.16042,154472,256,True
diagnostics-prepared,4,0,candidate,cold,4.0476257790001,7.948038,211348,256,True
diagnostics-prepared,4,0,candidate,warm-clean,1.6903473249999479,3.258622,151408,256,True
diagnostics-prepared,4,0,candidate,no-op,0.03791108100017482,0.03768,37984,256,True
diagnostics-prepared,4,0,candidate,one-file,0.5053666230000999,0.589422,111320,256,True
diagnostics-prepared,4,0,candidate,broad,2.0642559229997914,3.933759,159260,256,True
diagnostics-prepared,4,1,candidate,cold,3.502767167999991,6.917453,222440,256,True
diagnostics-prepared,4,1,candidate,warm-clean,1.6162473699998827,3.049638,151820,256,True
diagnostics-prepared,4,1,candidate,no-op,0.0408292069998879,0.038493,38508,256,True
diagnostics-prepared,4,1,candidate,one-file,0.35772354200003065,0.43552799999999997,112144,256,True
diagnostics-prepared,4,1,candidate,broad,1.8324148799999875,3.5536410000000003,162628,256,True
diagnostics-prepared,4,1,baseline,cold,3.3934400350001397,6.649255999999999,257452,256,True
diagnostics-prepared,4,1,baseline,warm-clean,1.5966455949999272,3.075028,151964,256,True
diagnostics-prepared,4,1,baseline,no-op,0.028297124999880907,0.026926,39048,256,True
diagnostics-prepared,4,1,baseline,one-file,0.4394907369999146,0.517802,111480,256,True
diagnostics-prepared,4,1,baseline,broad,1.8478776870001639,3.517169,154224,256,True
diagnostics-prepared,4,2,baseline,cold,3.7004277280000224,7.1558589999999995,211948,256,True
diagnostics-prepared,4,2,baseline,warm-clean,1.6086207529999683,3.0519170000000004,155824,256,True
diagnostics-prepared,4,2,baseline,no-op,0.029459998999982417,0.027368999999999997,39552,256,True
diagnostics-prepared,4,2,baseline,one-file,0.47177544200008015,0.555346,111292,256,True
diagnostics-prepared,4,2,baseline,broad,2.047072208000145,3.918229,153340,256,True
diagnostics-prepared,4,2,candidate,cold,3.599817495000025,7.050902000000001,206832,256,True
diagnostics-prepared,4,2,candidate,warm-clean,1.6654515879999963,3.2214810000000003,153308,256,True
diagnostics-prepared,4,2,candidate,no-op,0.0321221650001462,0.029485,40108,256,True
diagnostics-prepared,4,2,candidate,one-file,0.38815328400005455,0.472426,111196,256,True
diagnostics-prepared,4,2,candidate,broad,1.9746843380000882,3.64855,154856,256,True
diagnostics-regen,2,0,baseline,regen,2.2157521920000818,3.5530600000000003,152072,256,True
diagnostics-regen,2,0,candidate,regen,2.376116475999993,3.8454,152252,256,True
diagnostics-regen,2,1,candidate,regen,2.5502918120000686,4.233397,155760,256,True
diagnostics-regen,2,1,baseline,regen,2.2414856799999825,3.8226880000000003,151620,256,True
diagnostics-regen,2,2,baseline,regen,2.346794595999995,3.8604299999999996,152432,256,True
diagnostics-regen,2,2,candidate,regen,2.341954247999979,3.917484,153380,256,True
diagnostics-regen,4,0,baseline,regen,2.494416344000001,4.040251,152524,256,True
diagnostics-regen,4,0,candidate,regen,2.2483163540000533,3.8668940000000003,151928,256,True
diagnostics-regen,4,1,candidate,regen,2.298643777999928,3.82728,152544,256,True
diagnostics-regen,4,1,baseline,regen,2.252730316999987,3.738365,153056,256,True
diagnostics-regen,4,2,baseline,regen,2.309364946999949,3.934414,151700,256,True
diagnostics-regen,4,2,candidate,regen,2.2269564140000284,3.7007149999999998,152640,256,True
mixed-speed-v2,2,0,baseline,cold,4.46652832299992,8.543548,207320,384,True
mixed-speed-v2,2,0,baseline,no-op,0.054594718999851466,0.049857,34816,384,True
mixed-speed-v2,2,0,baseline,one-file,0.6017549670000335,0.72515,113408,384,True
mixed-speed-v2,2,0,baseline,broad,2.2882770500000333,4.268726,169836,384,True
mixed-speed-v2,2,0,baseline,regen,2.821039780999854,4.597136000000001,152764,384,True
mixed-speed-v2,2,0,candidate,cold,4.227995154999917,8.122976,221224,384,True
mixed-speed-v2,2,0,candidate,no-op,0.07312960199988083,0.072201,34816,384,True
mixed-speed-v2,2,0,candidate,one-file,0.5417686210000738,0.6452289999999999,113980,384,True
mixed-speed-v2,2,0,candidate,broad,2.0096587380000983,3.789266,164472,384,True
mixed-speed-v2,2,0,candidate,regen,2.412522220000028,4.002705,156708,384,True
mixed-speed-v2,2,1,candidate,cold,3.682223285999953,7.138707,262912,384,True
mixed-speed-v2,2,1,candidate,no-op,0.04979918899994118,0.047943999999999994,34928,384,True
mixed-speed-v2,2,1,candidate,one-file,0.5300475540000207,0.638252,113864,384,True
mixed-speed-v2,2,1,candidate,broad,2.112368252999886,3.964708,152696,384,True
mixed-speed-v2,2,1,candidate,regen,2.554730979000169,4.19934,165500,384,True
mixed-speed-v2,2,1,baseline,cold,4.083533550999846,7.910573,204440,384,True
mixed-speed-v2,2,1,baseline,no-op,0.0498632850001286,0.047892,34928,384,True
mixed-speed-v2,2,1,baseline,one-file,0.598825485000134,0.711672,113708,384,True
mixed-speed-v2,2,1,baseline,broad,2.2336948560000565,4.194031,153684,384,True
mixed-speed-v2,2,1,baseline,regen,2.795377176000102,4.704727,165060,384,True
mixed-speed-v2,2,2,baseline,cold,4.076056084000129,7.89777,202596,384,True
mixed-speed-v2,2,2,baseline,no-op,0.05360710300010396,0.051215,34928,384,True
mixed-speed-v2,2,2,baseline,one-file,0.6358835409998846,0.733501,113284,384,True
mixed-speed-v2,2,2,baseline,broad,2.2362954440000067,4.175813,157748,384,True
mixed-speed-v2,2,2,baseline,regen,2.6625654770000438,4.454541,152240,384,True
mixed-speed-v2,2,2,candidate,cold,3.9679561999998896,7.575653,239808,384,True
mixed-speed-v2,2,2,candidate,no-op,0.05021640200016009,0.048648,34928,384,True
mixed-speed-v2,2,2,candidate,one-file,0.5379673070001445,0.6441870000000001,113420,384,True
mixed-speed-v2,2,2,candidate,broad,2.218374319000077,4.145649,158156,384,True
mixed-speed-v2,2,2,candidate,regen,2.7132943619999423,4.696664,152336,384,True
mixed-speed-v2,4,0,baseline,cold,4.9582109550001405,9.516812,207692,384,True
mixed-speed-v2,4,0,baseline,no-op,0.06456096299984893,0.06318199999999999,34928,384,True
mixed-speed-v2,4,0,baseline,one-file,0.6116229579999981,0.724717,113748,384,True
mixed-speed-v2,4,0,baseline,broad,2.374770351000052,4.475623000000001,166180,384,True
mixed-speed-v2,4,0,baseline,regen,3.162398879999955,5.2196180000000005,152272,384,True
mixed-speed-v2,4,0,candidate,cold,4.235224205000122,8.190422,285452,384,True
mixed-speed-v2,4,0,candidate,no-op,0.04744855900003131,0.045518,34928,384,True
mixed-speed-v2,4,0,candidate,one-file,0.6102022099998976,0.7148999999999999,113324,384,True
mixed-speed-v2,4,0,candidate,broad,2.109657906999928,3.979611,151748,384,True
mixed-speed-v2,4,0,candidate,regen,2.6282553869998537,4.394019,151036,384,True
mixed-speed-v2,4,1,candidate,cold,3.9729526850001093,7.622358,288900,384,True
mixed-speed-v2,4,1,candidate,no-op,0.05456713100011257,0.053628,34928,384,True
mixed-speed-v2,4,1,candidate,one-file,0.5023609160000433,0.598414,113840,384,True
mixed-speed-v2,4,1,candidate,broad,2.625133149000021,4.825985999999999,156908,384,True
mixed-speed-v2,4,1,candidate,regen,3.3279210329999387,5.519752,152552,384,True
mixed-speed-v2,4,1,baseline,cold,3.8249040229998172,7.316165,260368,384,True
mixed-speed-v2,4,1,baseline,no-op,0.057735214999866,0.05593,34928,384,True
mixed-speed-v2,4,1,baseline,one-file,0.5118199510000068,0.613906,113308,384,True
mixed-speed-v2,4,1,baseline,broad,2.214936435000027,4.206003,151584,384,True
mixed-speed-v2,4,1,baseline,regen,2.938944021999987,5.177869,159204,384,True
mixed-speed-v2,4,2,baseline,cold,4.289910169000223,8.295626,204268,384,True
mixed-speed-v2,4,2,baseline,no-op,0.04647514300017974,0.044288,35312,384,True
mixed-speed-v2,4,2,baseline,one-file,0.6204417320000175,0.725787,113576,384,True
mixed-speed-v2,4,2,baseline,broad,2.075907079999979,3.918818,156860,384,True
mixed-speed-v2,4,2,baseline,regen,2.3235534129998996,4.023841,163880,384,True
mixed-speed-v2,4,2,candidate,cold,4.103900509999903,7.946124999999999,213476,384,True
mixed-speed-v2,4,2,candidate,no-op,0.05236454500004584,0.051897,35312,384,True
mixed-speed-v2,4,2,candidate,one-file,0.5047718820001137,0.613314,113636,384,True
mixed-speed-v2,4,2,candidate,broad,2.2129324899999574,4.153483,150784,384,True
mixed-speed-v2,4,2,candidate,regen,2.5806392349998077,4.540379,158800,384,True
