inputs,repeat,cache,lane,case,wall_s,user_s,system_s,maxrss_kib,output_manifest_sha256
10,0,empty,baseline,clean,0.1944993830002204,0.297354,0.052768999999999996,42636,2ad448ab9a2b2ce96a0eacd85283ae9176da6590aa669beb358342e4a716dc55
10,0,small,baseline,clean,0.1308867849984381,0.169512,0.049422999999999995,38780,2ad448ab9a2b2ce96a0eacd85283ae9176da6590aa669beb358342e4a716dc55
10,0,small,baseline,no-op,0.003717479998158524,0.0,0.0031869999999999997,14080,2ad448ab9a2b2ce96a0eacd85283ae9176da6590aa669beb358342e4a716dc55
10,0,small,baseline,one-file,0.087647944001219,0.072932,0.014809999999999999,39360,cf709a8b5805f181aecd721c5dac2b846d41cc7c9574e71898d41df9170c113b
10,0,small,baseline,broad,0.17643690399927436,0.266412,0.050924,39432,adf54a2902d25ef7358477005ac392a7564d847cdffb3c2389e4877db55c725c
10,0,empty,candidate,clean,0.15398172399727628,0.20759,0.054511,42660,2ad448ab9a2b2ce96a0eacd85283ae9176da6590aa669beb358342e4a716dc55
10,0,small,candidate,clean,0.13286700599928736,0.18781799999999998,0.048665,38224,2ad448ab9a2b2ce96a0eacd85283ae9176da6590aa669beb358342e4a716dc55
10,0,small,candidate,no-op,0.003581385000870796,0.003238,0.0,14080,2ad448ab9a2b2ce96a0eacd85283ae9176da6590aa669beb358342e4a716dc55
10,0,small,candidate,one-file,0.10448377099965,0.076386,0.026324,38740,cf709a8b5805f181aecd721c5dac2b846d41cc7c9574e71898d41df9170c113b
10,0,small,candidate,broad,0.1736817879973387,0.20710199999999998,0.085154,39456,adf54a2902d25ef7358477005ac392a7564d847cdffb3c2389e4877db55c725c
10,0,large,baseline,clean,2.2686588739998115,1.049437,3.214523,557192,2ad448ab9a2b2ce96a0eacd85283ae9176da6590aa669beb358342e4a716dc55
10,0,large,baseline,no-op,0.004003734000434633,0.0034159999999999998,0.0,14080,2ad448ab9a2b2ce96a0eacd85283ae9176da6590aa669beb358342e4a716dc55
10,0,large,baseline,one-file,0.7509062319986697,0.529566,0.227896,554076,cf709a8b5805f181aecd721c5dac2b846d41cc7c9574e71898d41df9170c113b
10,0,large,baseline,broad,0.8325084159987455,1.081892,0.496386,559972,adf54a2902d25ef7358477005ac392a7564d847cdffb3c2389e4877db55c725c
10,0,large,candidate,clean,0.19673599300222122,0.271214,0.063526,48348,2ad448ab9a2b2ce96a0eacd85283ae9176da6590aa669beb358342e4a716dc55
10,0,large,candidate,no-op,0.0038512190003530122,0.0,0.0034549999999999997,14208,2ad448ab9a2b2ce96a0eacd85283ae9176da6590aa669beb358342e4a716dc55
10,0,large,candidate,one-file,0.10294434100069338,0.079217,0.021979,45260,cf709a8b5805f181aecd721c5dac2b846d41cc7c9574e71898d41df9170c113b
10,0,large,candidate,broad,0.15768084000228555,0.20408099999999998,0.07325899999999999,51032,adf54a2902d25ef7358477005ac392a7564d847cdffb3c2389e4877db55c725c
10,1,empty,candidate,clean,0.15102524800022366,0.19556099999999998,0.067678,42752,2ad448ab9a2b2ce96a0eacd85283ae9176da6590aa669beb358342e4a716dc55
10,1,small,candidate,clean,0.15519440600110102,0.202429,0.066566,38816,2ad448ab9a2b2ce96a0eacd85283ae9176da6590aa669beb358342e4a716dc55
10,1,small,candidate,no-op,0.003749649000383215,0.0,0.003506,14336,2ad448ab9a2b2ce96a0eacd85283ae9176da6590aa669beb358342e4a716dc55
10,1,small,candidate,one-file,0.0923126029993,0.07760199999999999,0.014107999999999999,39532,cf709a8b5805f181aecd721c5dac2b846d41cc7c9574e71898d41df9170c113b
10,1,small,candidate,broad,0.1439861769977142,0.184017,0.0561,39492,adf54a2902d25ef7358477005ac392a7564d847cdffb3c2389e4877db55c725c
10,1,empty,baseline,clean,0.1463493400005973,0.19834,0.061979,41912,2ad448ab9a2b2ce96a0eacd85283ae9176da6590aa669beb358342e4a716dc55
10,1,small,baseline,clean,0.17000292300144793,0.245644,0.047543999999999996,38760,2ad448ab9a2b2ce96a0eacd85283ae9176da6590aa669beb358342e4a716dc55
10,1,small,baseline,no-op,0.0035032689993386157,0.0,0.003137,14336,2ad448ab9a2b2ce96a0eacd85283ae9176da6590aa669beb358342e4a716dc55
10,1,small,baseline,one-file,0.08770588399784174,0.07403799999999999,0.013871999999999999,39280,cf709a8b5805f181aecd721c5dac2b846d41cc7c9574e71898d41df9170c113b
10,1,small,baseline,broad,0.1521185579986195,0.203178,0.051579,39316,adf54a2902d25ef7358477005ac392a7564d847cdffb3c2389e4877db55c725c
10,1,large,candidate,clean,0.14905855100005283,0.196879,0.060393999999999996,48416,2ad448ab9a2b2ce96a0eacd85283ae9176da6590aa669beb358342e4a716dc55
10,1,large,candidate,no-op,0.0033921920003194828,0.0031539999999999997,0.0,14336,2ad448ab9a2b2ce96a0eacd85283ae9176da6590aa669beb358342e4a716dc55
10,1,large,candidate,one-file,0.10215787799825193,0.077009,0.023511999999999998,45796,cf709a8b5805f181aecd721c5dac2b846d41cc7c9574e71898d41df9170c113b
10,1,large,candidate,broad,0.1477820120016986,0.202962,0.053456,51108,adf54a2902d25ef7358477005ac392a7564d847cdffb3c2389e4877db55c725c
10,1,large,baseline,clean,2.251518131000921,1.033406,3.21896,557232,2ad448ab9a2b2ce96a0eacd85283ae9176da6590aa669beb358342e4a716dc55
10,1,large,baseline,no-op,0.0037761590028821956,0.0,0.003545,14464,2ad448ab9a2b2ce96a0eacd85283ae9176da6590aa669beb358342e4a716dc55
10,1,large,baseline,one-file,0.7363500589999603,0.507489,0.236059,554268,cf709a8b5805f181aecd721c5dac2b846d41cc7c9574e71898d41df9170c113b
10,1,large,baseline,broad,1.064064963000419,1.138794,0.816781,559812,adf54a2902d25ef7358477005ac392a7564d847cdffb3c2389e4877db55c725c
10,2,empty,baseline,clean,0.15272213400021428,0.193649,0.065311,42224,2ad448ab9a2b2ce96a0eacd85283ae9176da6590aa669beb358342e4a716dc55
10,2,small,baseline,clean,0.13295577000099001,0.16547399999999998,0.04629,38712,2ad448ab9a2b2ce96a0eacd85283ae9176da6590aa669beb358342e4a716dc55
10,2,small,baseline,no-op,0.0035982169974886347,0.003047,0.0,14592,2ad448ab9a2b2ce96a0eacd85283ae9176da6590aa669beb358342e4a716dc55
10,2,small,baseline,one-file,0.08693353300259332,0.066234,0.020769,39244,cf709a8b5805f181aecd721c5dac2b846d41cc7c9574e71898d41df9170c113b
10,2,small,baseline,broad,0.14046477300144034,0.167483,0.058331999999999995,39324,adf54a2902d25ef7358477005ac392a7564d847cdffb3c2389e4877db55c725c
10,2,empty,candidate,clean,0.1343946759989194,0.179254,0.06518499999999999,41404,2ad448ab9a2b2ce96a0eacd85283ae9176da6590aa669beb358342e4a716dc55
10,2,small,candidate,clean,0.15729508100048406,0.21304099999999998,0.055806999999999995,38376,2ad448ab9a2b2ce96a0eacd85283ae9176da6590aa669beb358342e4a716dc55
10,2,small,candidate,no-op,0.003837299002043437,0.0,0.003212,14848,2ad448ab9a2b2ce96a0eacd85283ae9176da6590aa669beb358342e4a716dc55
10,2,small,candidate,one-file,0.08504939100021147,0.066352,0.019725,38760,cf709a8b5805f181aecd721c5dac2b846d41cc7c9574e71898d41df9170c113b
10,2,small,candidate,broad,0.1416139930006466,0.184146,0.047469,39512,adf54a2902d25ef7358477005ac392a7564d847cdffb3c2389e4877db55c725c
10,2,large,baseline,clean,0.88685481200082,1.055387,0.611656,557104,2ad448ab9a2b2ce96a0eacd85283ae9176da6590aa669beb358342e4a716dc55
10,2,large,baseline,no-op,0.004031265998492017,0.0,0.0036349999999999998,14856,2ad448ab9a2b2ce96a0eacd85283ae9176da6590aa669beb358342e4a716dc55
10,2,large,baseline,one-file,0.727094104000571,0.503547,0.231511,554104,cf709a8b5805f181aecd721c5dac2b846d41cc7c9574e71898d41df9170c113b
10,2,large,baseline,broad,0.8229921000020113,1.063381,0.49562799999999996,560044,adf54a2902d25ef7358477005ac392a7564d847cdffb3c2389e4877db55c725c
10,2,large,candidate,clean,0.14475995500106364,0.20138899999999998,0.04736,48488,2ad448ab9a2b2ce96a0eacd85283ae9176da6590aa669beb358342e4a716dc55
10,2,large,candidate,no-op,0.0035075369996775407,0.0,0.002963,14956,2ad448ab9a2b2ce96a0eacd85283ae9176da6590aa669beb358342e4a716dc55
10,2,large,candidate,one-file,0.11303502499868046,0.093139,0.019368,45388,cf709a8b5805f181aecd721c5dac2b846d41cc7c9574e71898d41df9170c113b
10,2,large,candidate,broad,0.15037932400082354,0.214424,0.043795,51384,adf54a2902d25ef7358477005ac392a7564d847cdffb3c2389e4877db55c725c
10,3,empty,candidate,clean,0.14096288699875004,0.184616,0.061550999999999995,42416,2ad448ab9a2b2ce96a0eacd85283ae9176da6590aa669beb358342e4a716dc55
10,3,small,candidate,clean,0.12545229400348035,0.17421999999999999,0.036189,38760,2ad448ab9a2b2ce96a0eacd85283ae9176da6590aa669beb358342e4a716dc55
10,3,small,candidate,no-op,0.003586495000490686,0.003218,0.0,15028,2ad448ab9a2b2ce96a0eacd85283ae9176da6590aa669beb358342e4a716dc55
10,3,small,candidate,one-file,0.08458072199937305,0.06254799999999999,0.023076,39088,cf709a8b5805f181aecd721c5dac2b846d41cc7c9574e71898d41df9170c113b
10,3,small,candidate,broad,0.1297447770011786,0.172486,0.049197,39172,adf54a2902d25ef7358477005ac392a7564d847cdffb3c2389e4877db55c725c
10,3,empty,baseline,clean,0.1331730259989854,0.18931099999999998,0.047546,42140,2ad448ab9a2b2ce96a0eacd85283ae9176da6590aa669beb358342e4a716dc55
10,3,small,baseline,clean,0.12948910900013288,0.171131,0.038396,38736,2ad448ab9a2b2ce96a0eacd85283ae9176da6590aa669beb358342e4a716dc55
10,3,small,baseline,no-op,0.003826282001682557,0.003597,0.0,15196,2ad448ab9a2b2ce96a0eacd85283ae9176da6590aa669beb358342e4a716dc55
10,3,small,baseline,one-file,0.09187506799935363,0.062403,0.024529,39208,cf709a8b5805f181aecd721c5dac2b846d41cc7c9574e71898d41df9170c113b
10,3,small,baseline,broad,0.1278565120010171,0.198428,0.024399,39392,adf54a2902d25ef7358477005ac392a7564d847cdffb3c2389e4877db55c725c
10,3,large,candidate,clean,0.14858983299927786,0.183365,0.06508,48836,2ad448ab9a2b2ce96a0eacd85283ae9176da6590aa669beb358342e4a716dc55
10,3,large,candidate,no-op,0.003619436000008136,0.0,0.003294,15296,2ad448ab9a2b2ce96a0eacd85283ae9176da6590aa669beb358342e4a716dc55
10,3,large,candidate,one-file,0.10432535799918696,0.07615999999999999,0.028489999999999998,45396,cf709a8b5805f181aecd721c5dac2b846d41cc7c9574e71898d41df9170c113b
10,3,large,candidate,broad,0.15851449000183493,0.19884,0.071467,51000,adf54a2902d25ef7358477005ac392a7564d847cdffb3c2389e4877db55c725c
10,3,large,baseline,clean,0.8136427630015532,1.0700129999999999,0.471302,557268,2ad448ab9a2b2ce96a0eacd85283ae9176da6590aa669beb358342e4a716dc55
10,3,large,baseline,no-op,0.003864392998366384,0.003289,0.0,15320,2ad448ab9a2b2ce96a0eacd85283ae9176da6590aa669beb358342e4a716dc55
10,3,large,baseline,one-file,0.721672439998656,0.519764,0.213061,554076,cf709a8b5805f181aecd721c5dac2b846d41cc7c9574e71898d41df9170c113b
10,3,large,baseline,broad,0.86323547199936,1.147716,0.46676199999999995,559876,adf54a2902d25ef7358477005ac392a7564d847cdffb3c2389e4877db55c725c
10,4,empty,baseline,clean,0.13756968400048208,0.20324799999999998,0.0426,41844,2ad448ab9a2b2ce96a0eacd85283ae9176da6590aa669beb358342e4a716dc55
10,4,small,baseline,clean,0.13120577400331968,0.165154,0.050742999999999996,38860,2ad448ab9a2b2ce96a0eacd85283ae9176da6590aa669beb358342e4a716dc55
10,4,small,baseline,no-op,0.003854896000120789,0.003493,0.0,15388,2ad448ab9a2b2ce96a0eacd85283ae9176da6590aa669beb358342e4a716dc55
10,4,small,baseline,one-file,0.08598231399810174,0.06698799999999999,0.019277,39304,cf709a8b5805f181aecd721c5dac2b846d41cc7c9574e71898d41df9170c113b
10,4,small,baseline,broad,0.1310180139989825,0.19383299999999998,0.02954,39420,adf54a2902d25ef7358477005ac392a7564d847cdffb3c2389e4877db55c725c
10,4,empty,candidate,clean,0.14163705600003595,0.18568199999999999,0.056034,42244,2ad448ab9a2b2ce96a0eacd85283ae9176da6590aa669beb358342e4a716dc55
10,4,small,candidate,clean,0.1297391570005857,0.167216,0.043178,38388,2ad448ab9a2b2ce96a0eacd85283ae9176da6590aa669beb358342e4a716dc55
10,4,small,candidate,no-op,0.0038081689999671653,0.0033039999999999996,0.0,15480,2ad448ab9a2b2ce96a0eacd85283ae9176da6590aa669beb358342e4a716dc55
10,4,small,candidate,one-file,0.08570772100210888,0.061384999999999995,0.024673,39164,cf709a8b5805f181aecd721c5dac2b846d41cc7c9574e71898d41df9170c113b
10,4,small,candidate,broad,0.1325593299989123,0.172821,0.050595,39472,adf54a2902d25ef7358477005ac392a7564d847cdffb3c2389e4877db55c725c
10,4,large,baseline,clean,0.8071922209965123,1.0366,0.48747999999999997,557020,2ad448ab9a2b2ce96a0eacd85283ae9176da6590aa669beb358342e4a716dc55
10,4,large,baseline,no-op,0.004015705999336205,0.003557,0.0,15568,2ad448ab9a2b2ce96a0eacd85283ae9176da6590aa669beb358342e4a716dc55
10,4,large,baseline,one-file,0.7243952540011378,0.5185839999999999,0.214221,553496,cf709a8b5805f181aecd721c5dac2b846d41cc7c9574e71898d41df9170c113b
10,4,large,baseline,broad,0.8065485860024637,1.07506,0.46075699999999997,559800,adf54a2902d25ef7358477005ac392a7564d847cdffb3c2389e4877db55c725c
10,4,large,candidate,clean,0.15292312800011132,0.208817,0.053434999999999996,48292,2ad448ab9a2b2ce96a0eacd85283ae9176da6590aa669beb358342e4a716dc55
10,4,large,candidate,no-op,0.0035683610003616195,0.002874,0.0,15720,2ad448ab9a2b2ce96a0eacd85283ae9176da6590aa669beb358342e4a716dc55
10,4,large,candidate,one-file,0.10127182900032494,0.083424,0.017679999999999998,45336,cf709a8b5805f181aecd721c5dac2b846d41cc7c9574e71898d41df9170c113b
10,4,large,candidate,broad,0.16951766300189774,0.228043,0.058299,50872,adf54a2902d25ef7358477005ac392a7564d847cdffb3c2389e4877db55c725c
500,0,empty,baseline,clean,1.0955536289984593,1.5687449999999998,0.376917,87804,124cc73414b5a777d0f35f8ac3a19cd5d315f2dc3bfd119aa89f1f332aecfe78
500,0,small,baseline,clean,1.015592841002217,1.434118,0.370498,86860,124cc73414b5a777d0f35f8ac3a19cd5d315f2dc3bfd119aa89f1f332aecfe78
500,0,small,baseline,no-op,0.041905603000486735,0.018647,0.022288,17880,124cc73414b5a777d0f35f8ac3a19cd5d315f2dc3bfd119aa89f1f332aecfe78
500,0,small,baseline,one-file,0.15351970899791922,0.11494199999999999,0.03813,41696,a1fb7a59c177c34c561536c6be410ca08868054de32a31af4ea7e976c4836276
500,0,small,baseline,broad,1.1734751379990485,1.673368,0.386876,87012,7b8e8c48fae9744ee47d60b81879abcd8cdf6f3ebd0ae2c1efa16b16bd20a463
500,0,empty,candidate,clean,1.0764282020027167,1.575909,0.358958,87728,124cc73414b5a777d0f35f8ac3a19cd5d315f2dc3bfd119aa89f1f332aecfe78
500,0,small,candidate,clean,0.9588578209986736,1.3808,0.298056,86048,124cc73414b5a777d0f35f8ac3a19cd5d315f2dc3bfd119aa89f1f332aecfe78
500,0,small,candidate,no-op,0.042471806998946704,0.022893,0.019316,22648,124cc73414b5a777d0f35f8ac3a19cd5d315f2dc3bfd119aa89f1f332aecfe78
500,0,small,candidate,one-file,0.14757114500025637,0.10425,0.04365,41320,a1fb7a59c177c34c561536c6be410ca08868054de32a31af4ea7e976c4836276
500,0,small,candidate,broad,1.2032675970003766,1.660979,0.37804099999999996,86364,7b8e8c48fae9744ee47d60b81879abcd8cdf6f3ebd0ae2c1efa16b16bd20a463
500,0,large,baseline,clean,5.403186770003231,2.2524129999999998,7.856443,599600,124cc73414b5a777d0f35f8ac3a19cd5d315f2dc3bfd119aa89f1f332aecfe78
500,0,large,baseline,no-op,0.04273756100155879,0.030292999999999997,0.015144999999999999,25268,124cc73414b5a777d0f35f8ac3a19cd5d315f2dc3bfd119aa89f1f332aecfe78
500,0,large,baseline,one-file,0.7886481350033137,0.549652,0.24942799999999998,558212,a1fb7a59c177c34c561536c6be410ca08868054de32a31af4ea7e976c4836276
500,0,large,baseline,broad,1.8738227559988445,2.57855,0.8377589999999999,601364,7b8e8c48fae9744ee47d60b81879abcd8cdf6f3ebd0ae2c1efa16b16bd20a463
500,0,large,candidate,clean,0.9904202499965322,1.4554719999999999,0.30283099999999996,92580,124cc73414b5a777d0f35f8ac3a19cd5d315f2dc3bfd119aa89f1f332aecfe78
500,0,large,candidate,no-op,0.04275968699948862,0.025984,0.014844999999999999,27668,124cc73414b5a777d0f35f8ac3a19cd5d315f2dc3bfd119aa89f1f332aecfe78
500,0,large,candidate,one-file,0.17553227700045682,0.134228,0.03923,50476,a1fb7a59c177c34c561536c6be410ca08868054de32a31af4ea7e976c4836276
500,0,large,candidate,broad,1.232603945001756,1.734411,0.461385,94916,7b8e8c48fae9744ee47d60b81879abcd8cdf6f3ebd0ae2c1efa16b16bd20a463
500,1,empty,candidate,clean,1.0393280979988049,1.5498129999999999,0.33949599999999996,87064,124cc73414b5a777d0f35f8ac3a19cd5d315f2dc3bfd119aa89f1f332aecfe78
500,1,small,candidate,clean,0.9430402540019713,1.3235190000000001,0.375782,85808,124cc73414b5a777d0f35f8ac3a19cd5d315f2dc3bfd119aa89f1f332aecfe78
500,1,small,candidate,no-op,0.04079805400033365,0.019984,0.019961,30880,124cc73414b5a777d0f35f8ac3a19cd5d315f2dc3bfd119aa89f1f332aecfe78
500,1,small,candidate,one-file,0.14646991200061166,0.100702,0.049353,40484,a1fb7a59c177c34c561536c6be410ca08868054de32a31af4ea7e976c4836276
500,1,small,candidate,broad,1.1848549590031325,1.629108,0.428149,86776,7b8e8c48fae9744ee47d60b81879abcd8cdf6f3ebd0ae2c1efa16b16bd20a463
500,1,empty,baseline,clean,1.0799289349997707,1.603949,0.36736199999999997,87732,124cc73414b5a777d0f35f8ac3a19cd5d315f2dc3bfd119aa89f1f332aecfe78
500,1,small,baseline,clean,1.0063314800027001,1.44677,0.366321,86428,124cc73414b5a777d0f35f8ac3a19cd5d315f2dc3bfd119aa89f1f332aecfe78
500,1,small,baseline,no-op,0.04141096899911645,0.021606999999999998,0.018005999999999998,34720,124cc73414b5a777d0f35f8ac3a19cd5d315f2dc3bfd119aa89f1f332aecfe78
500,1,small,baseline,one-file,0.1482494840020081,0.078678,0.072647,41752,a1fb7a59c177c34c561536c6be410ca08868054de32a31af4ea7e976c4836276
500,1,small,baseline,broad,1.1690538860020752,1.65063,0.40423499999999996,87408,7b8e8c48fae9744ee47d60b81879abcd8cdf6f3ebd0ae2c1efa16b16bd20a463
500,1,large,candidate,clean,0.9806744570014416,1.4434339999999999,0.329387,92316,124cc73414b5a777d0f35f8ac3a19cd5d315f2dc3bfd119aa89f1f332aecfe78
500,1,large,candidate,no-op,0.04877160799878766,0.027767999999999998,0.023326,37772,124cc73414b5a777d0f35f8ac3a19cd5d315f2dc3bfd119aa89f1f332aecfe78
500,1,large,candidate,one-file,0.17462717500166036,0.10561799999999999,0.071367,50948,a1fb7a59c177c34c561536c6be410ca08868054de32a31af4ea7e976c4836276
500,1,large,candidate,broad,1.2175453899981221,1.750406,0.413794,94176,7b8e8c48fae9744ee47d60b81879abcd8cdf6f3ebd0ae2c1efa16b16bd20a463
500,1,large,baseline,clean,1.9875713760011422,2.300609,1.423376,599272,124cc73414b5a777d0f35f8ac3a19cd5d315f2dc3bfd119aa89f1f332aecfe78
500,1,large,baseline,no-op,0.04020176099948003,0.018465,0.018445,40620,124cc73414b5a777d0f35f8ac3a19cd5d315f2dc3bfd119aa89f1f332aecfe78
500,1,large,baseline,one-file,0.8036294000012276,0.5675479999999999,0.241592,558708,a1fb7a59c177c34c561536c6be410ca08868054de32a31af4ea7e976c4836276
500,1,large,baseline,broad,2.0347781450000184,2.607915,1.0336,601816,7b8e8c48fae9744ee47d60b81879abcd8cdf6f3ebd0ae2c1efa16b16bd20a463
500,2,empty,baseline,clean,1.1327952239989827,1.602102,0.410958,87700,124cc73414b5a777d0f35f8ac3a19cd5d315f2dc3bfd119aa89f1f332aecfe78
500,2,small,baseline,clean,1.003360689002875,1.372912,0.371649,86660,124cc73414b5a777d0f35f8ac3a19cd5d315f2dc3bfd119aa89f1f332aecfe78
500,2,small,baseline,no-op,0.04539464199842769,0.019049,0.026635,43700,124cc73414b5a777d0f35f8ac3a19cd5d315f2dc3bfd119aa89f1f332aecfe78
500,2,small,baseline,one-file,0.15862794799977564,0.111122,0.04749,44604,a1fb7a59c177c34c561536c6be410ca08868054de32a31af4ea7e976c4836276
500,2,small,baseline,broad,1.1885325109979021,1.618752,0.465341,88496,7b8e8c48fae9744ee47d60b81879abcd8cdf6f3ebd0ae2c1efa16b16bd20a463
500,2,empty,candidate,clean,1.1655633079972176,1.656517,0.40529499999999996,87596,124cc73414b5a777d0f35f8ac3a19cd5d315f2dc3bfd119aa89f1f332aecfe78
500,2,small,candidate,clean,1.0148769170009473,1.42703,0.36925199999999997,86164,124cc73414b5a777d0f35f8ac3a19cd5d315f2dc3bfd119aa89f1f332aecfe78
500,2,small,candidate,no-op,0.04289733200130286,0.028092,0.010650999999999999,47256,124cc73414b5a777d0f35f8ac3a19cd5d315f2dc3bfd119aa89f1f332aecfe78
500,2,small,candidate,one-file,0.14662404100090498,0.09884899999999999,0.049307,48220,a1fb7a59c177c34c561536c6be410ca08868054de32a31af4ea7e976c4836276
500,2,small,candidate,broad,1.1317434490010783,1.6237650000000001,0.362211,86492,7b8e8c48fae9744ee47d60b81879abcd8cdf6f3ebd0ae2c1efa16b16bd20a463
500,2,large,baseline,clean,1.7130270730012853,2.364385,0.77757,599920,124cc73414b5a777d0f35f8ac3a19cd5d315f2dc3bfd119aa89f1f332aecfe78
500,2,large,baseline,no-op,0.046096139998553554,0.007722,0.037426999999999995,50436,124cc73414b5a777d0f35f8ac3a19cd5d315f2dc3bfd119aa89f1f332aecfe78
500,2,large,baseline,one-file,0.8754817209992325,0.542364,0.343076,558940,a1fb7a59c177c34c561536c6be410ca08868054de32a31af4ea7e976c4836276
500,2,large,baseline,broad,1.9895429450007214,2.613126,0.9452809999999999,601644,7b8e8c48fae9744ee47d60b81879abcd8cdf6f3ebd0ae2c1efa16b16bd20a463
500,2,large,candidate,clean,1.008099704002234,1.497316,0.30612,92836,124cc73414b5a777d0f35f8ac3a19cd5d315f2dc3bfd119aa89f1f332aecfe78
500,2,large,candidate,no-op,0.04490682300092885,0.02119,0.021002999999999997,53404,124cc73414b5a777d0f35f8ac3a19cd5d315f2dc3bfd119aa89f1f332aecfe78
500,2,large,candidate,one-file,0.17107281399876229,0.120778,0.048615,54516,a1fb7a59c177c34c561536c6be410ca08868054de32a31af4ea7e976c4836276
500,2,large,candidate,broad,1.271557223997661,1.7838349999999998,0.41204799999999997,95116,7b8e8c48fae9744ee47d60b81879abcd8cdf6f3ebd0ae2c1efa16b16bd20a463
500,3,empty,candidate,clean,1.0844553149981948,1.578697,0.337125,87520,124cc73414b5a777d0f35f8ac3a19cd5d315f2dc3bfd119aa89f1f332aecfe78
500,3,small,candidate,clean,0.9669294240011368,1.3735249999999999,0.325665,86020,124cc73414b5a777d0f35f8ac3a19cd5d315f2dc3bfd119aa89f1f332aecfe78
500,3,small,candidate,no-op,0.04190385900074034,0.011301,0.029807,57280,124cc73414b5a777d0f35f8ac3a19cd5d315f2dc3bfd119aa89f1f332aecfe78
500,3,small,candidate,one-file,0.14793311399989761,0.101925,0.046349999999999995,58208,a1fb7a59c177c34c561536c6be410ca08868054de32a31af4ea7e976c4836276
500,3,small,candidate,broad,1.1672948410014214,1.632558,0.388555,86856,7b8e8c48fae9744ee47d60b81879abcd8cdf6f3ebd0ae2c1efa16b16bd20a463
500,3,empty,baseline,clean,1.0890213569982734,1.545501,0.396715,87316,124cc73414b5a777d0f35f8ac3a19cd5d315f2dc3bfd119aa89f1f332aecfe78
500,3,small,baseline,clean,0.9529633610000019,1.349148,0.350912,86760,124cc73414b5a777d0f35f8ac3a19cd5d315f2dc3bfd119aa89f1f332aecfe78
500,3,small,baseline,no-op,0.04240378199756378,0.027528,0.015858999999999998,60968,124cc73414b5a777d0f35f8ac3a19cd5d315f2dc3bfd119aa89f1f332aecfe78
500,3,small,baseline,one-file,0.14939240599778714,0.097579,0.053859,61732,a1fb7a59c177c34c561536c6be410ca08868054de32a31af4ea7e976c4836276
500,3,small,baseline,broad,1.2013937859992438,1.645035,0.39469899999999997,87832,7b8e8c48fae9744ee47d60b81879abcd8cdf6f3ebd0ae2c1efa16b16bd20a463
500,3,large,candidate,clean,1.0942154309996113,1.5303,0.39247899999999997,93180,124cc73414b5a777d0f35f8ac3a19cd5d315f2dc3bfd119aa89f1f332aecfe78
500,3,large,candidate,no-op,0.041402922997804126,0.017454,0.020888,63872,124cc73414b5a777d0f35f8ac3a19cd5d315f2dc3bfd119aa89f1f332aecfe78
500,3,large,candidate,one-file,0.16732766700079083,0.12314399999999999,0.04257,64708,a1fb7a59c177c34c561536c6be410ca08868054de32a31af4ea7e976c4836276
500,3,large,candidate,broad,1.2086476639997272,1.704531,0.416927,94216,7b8e8c48fae9744ee47d60b81879abcd8cdf6f3ebd0ae2c1efa16b16bd20a463
500,3,large,baseline,clean,1.5937247059991932,2.203795,0.757397,599280,124cc73414b5a777d0f35f8ac3a19cd5d315f2dc3bfd119aa89f1f332aecfe78
500,3,large,baseline,no-op,0.04350535699995817,0.020066,0.020114999999999997,67268,124cc73414b5a777d0f35f8ac3a19cd5d315f2dc3bfd119aa89f1f332aecfe78
500,3,large,baseline,one-file,0.9958436790002452,0.532443,0.46840499999999996,558804,a1fb7a59c177c34c561536c6be410ca08868054de32a31af4ea7e976c4836276
500,3,large,baseline,broad,2.0277946770002018,2.646292,1.036889,601268,7b8e8c48fae9744ee47d60b81879abcd8cdf6f3ebd0ae2c1efa16b16bd20a463
500,4,empty,baseline,clean,1.1302973330020905,1.612191,0.415006,87564,124cc73414b5a777d0f35f8ac3a19cd5d315f2dc3bfd119aa89f1f332aecfe78
500,4,small,baseline,clean,0.9545031739980914,1.333378,0.359523,86376,124cc73414b5a777d0f35f8ac3a19cd5d315f2dc3bfd119aa89f1f332aecfe78
500,4,small,baseline,no-op,0.0434728840009484,0.026806,0.019037,70756,124cc73414b5a777d0f35f8ac3a19cd5d315f2dc3bfd119aa89f1f332aecfe78
500,4,small,baseline,one-file,0.15213132099961513,0.104817,0.046865,71532,a1fb7a59c177c34c561536c6be410ca08868054de32a31af4ea7e976c4836276
500,4,small,baseline,broad,1.2104023879983288,1.633796,0.437811,87588,7b8e8c48fae9744ee47d60b81879abcd8cdf6f3ebd0ae2c1efa16b16bd20a463
500,4,empty,candidate,clean,1.1174903940009244,1.6273279999999999,0.348466,87500,124cc73414b5a777d0f35f8ac3a19cd5d315f2dc3bfd119aa89f1f332aecfe78
500,4,small,candidate,clean,1.051127662001818,1.377545,0.38162799999999997,85456,124cc73414b5a777d0f35f8ac3a19cd5d315f2dc3bfd119aa89f1f332aecfe78
500,4,small,candidate,no-op,0.04435929299870622,0.012445,0.028426999999999997,74292,124cc73414b5a777d0f35f8ac3a19cd5d315f2dc3bfd119aa89f1f332aecfe78
500,4,small,candidate,one-file,0.15246981299787876,0.098562,0.053509,75216,a1fb7a59c177c34c561536c6be410ca08868054de32a31af4ea7e976c4836276
500,4,small,candidate,broad,1.1865956980000192,1.637789,0.394565,86860,7b8e8c48fae9744ee47d60b81879abcd8cdf6f3ebd0ae2c1efa16b16bd20a463
500,4,large,baseline,clean,1.6988510229966778,2.35743,0.766278,599280,124cc73414b5a777d0f35f8ac3a19cd5d315f2dc3bfd119aa89f1f332aecfe78
500,4,large,baseline,no-op,0.03900866899857647,0.021915999999999998,0.01461,77756,124cc73414b5a777d0f35f8ac3a19cd5d315f2dc3bfd119aa89f1f332aecfe78
500,4,large,baseline,one-file,0.7768885249970481,0.555569,0.224732,558884,a1fb7a59c177c34c561536c6be410ca08868054de32a31af4ea7e976c4836276
500,4,large,baseline,broad,1.8854160110022349,2.588732,0.7644949999999999,601100,7b8e8c48fae9744ee47d60b81879abcd8cdf6f3ebd0ae2c1efa16b16bd20a463
500,4,large,candidate,clean,0.9932216279994464,1.407696,0.34298799999999996,93192,124cc73414b5a777d0f35f8ac3a19cd5d315f2dc3bfd119aa89f1f332aecfe78
500,4,large,candidate,no-op,0.04158651599937002,0.016163,0.024589,80676,124cc73414b5a777d0f35f8ac3a19cd5d315f2dc3bfd119aa89f1f332aecfe78
500,4,large,candidate,one-file,0.16631023999798344,0.094265,0.068773,81316,a1fb7a59c177c34c561536c6be410ca08868054de32a31af4ea7e976c4836276
500,4,large,candidate,broad,1.2849067589995684,1.8255,0.38903499999999996,94444,7b8e8c48fae9744ee47d60b81879abcd8cdf6f3ebd0ae2c1efa16b16bd20a463
