size,phase,lane,repeat,records,value_bytes,wall_us,cpu_us,rss_bytes,maxrss_bytes
small,index,baseline,0,2000,4096,31174,31396,14688256,14426112
small,index,candidate,0,2000,4096,1255,1411,6660096,9830400
small,index,candidate,1,2000,4096,1082,1225,6664192,9830400
small,index,baseline,1,2000,4096,16297,16483,14848000,14520320
small,index,baseline,2,2000,4096,14096,14320,14794752,14467072
small,index,candidate,2,2000,4096,1133,1291,6860800,9830400
small,index,candidate,3,2000,4096,1444,1668,6803456,9830400
small,index,baseline,3,2000,4096,12887,13049,14737408,14475264
small,index,baseline,4,2000,4096,17089,17264,14860288,14532608
small,index,candidate,4,2000,4096,1226,3703,6873088,9830400
small,read,baseline,0,2000,4096,9607,9851,7868416,9830400
small,read,candidate,0,2000,4096,27362,27829,8155136,9830400
small,read,candidate,1,2000,4096,8964,9351,8167424,9830400
small,read,baseline,1,2000,4096,9613,10160,8056832,9830400
small,read,baseline,2,2000,4096,9374,9623,7991296,9830400
small,read,candidate,2,2000,4096,9125,9464,7933952,9830400
small,read,candidate,3,2000,4096,9564,10010,7929856,9830400
small,read,baseline,3,2000,4096,17556,17161,8138752,9830400
small,read,baseline,4,2000,4096,10540,10855,8024064,9830400
small,read,candidate,4,2000,4096,8802,9118,8003584,9830400
small,checksum,baseline,0,2000,4096,5266,5480,5730304,9830400
small,checksum,candidate,0,2000,4096,5346,5509,5754880,9830400
small,checksum,candidate,1,2000,4096,5384,5565,5668864,9830400
small,checksum,baseline,1,2000,4096,5670,5825,5861376,9830400
small,checksum,baseline,2,2000,4096,5282,5441,5812224,9830400
small,checksum,candidate,2,2000,4096,5444,5629,5861376,9830400
small,checksum,candidate,3,2000,4096,7002,7160,5992448,9830400
small,checksum,baseline,3,2000,4096,5225,5398,5693440,9830400
small,checksum,baseline,4,2000,4096,11204,13048,5857280,9830400
small,checksum,candidate,4,2000,4096,5611,5454,5775360,9830400
small,get,baseline,0,2000,4096,15563,15888,19587072,19288064
small,get,candidate,0,2000,4096,28041,28480,16162816,15896576
small,get,candidate,1,2000,4096,22525,22730,15925248,15593472
small,get,baseline,1,2000,4096,16242,16761,19746816,19374080
small,get,baseline,2,2000,4096,15578,15979,19742720,19447808
small,get,candidate,2,2000,4096,20131,20286,16007168,15675392
small,get,candidate,3,2000,4096,19910,20097,16171008,15839232
small,get,baseline,3,2000,4096,14982,15502,19763200,19394560
small,get,baseline,4,2000,4096,14922,15390,19550208,19177472
small,get,candidate,4,2000,4096,18872,19039,16199680,15863808
small,write,baseline,0,2000,4096,78967,80484,23945216,23576576
small,write,candidate,0,2000,4096,41187,41587,15388672,14962688
small,write,candidate,1,2000,4096,42161,42425,15806464,15499264
small,write,baseline,1,2000,4096,29411,30526,23617536,23351296
small,write,baseline,2,2000,4096,29085,29444,24215552,23937024
small,write,candidate,2,2000,4096,40049,40471,15314944,14901248
small,write,candidate,3,2000,4096,43539,43851,15790080,15556608
small,write,baseline,3,2000,4096,27877,28234,24236032,23846912
small,write,baseline,4,2000,4096,29544,29917,23367680,23158784
small,write,candidate,4,2000,4096,40905,41179,15872000,15446016
small,load,baseline,0,2000,4096,3550,3748,14012416,13733888
small,load,candidate,0,2000,4096,55,186,5943296,9830400
small,load,candidate,1,2000,4096,58,209,5844992,9830400
small,load,baseline,1,2000,4096,3580,3719,14114816,13840384
small,load,baseline,2,2000,4096,3117,3258,14094336,13819904
small,load,candidate,2,2000,4096,50,176,5947392,9830400
small,load,candidate,3,2000,4096,50,178,5967872,9830400
small,load,baseline,3,2000,4096,3047,3250,14036992,13762560
small,load,baseline,4,2000,4096,3102,3243,14012416,13729792
small,load,candidate,4,2000,4096,53,180,6086656,9830400
small,index-only,baseline,0,2000,4096,564,696,14655488,14389248
small,index-only,candidate,0,2000,4096,586,702,6660096,9830400
small,index-only,candidate,1,2000,4096,458,574,6602752,9830400
small,index-only,baseline,1,2000,4096,583,716,14757888,14426112
small,index-only,baseline,2,2000,4096,534,667,14598144,14266368
small,index-only,candidate,2,2000,4096,505,629,6549504,9830400
small,index-only,candidate,3,2000,4096,543,707,6418432,9830400
small,index-only,baseline,3,2000,4096,542,670,14495744,14168064
small,index-only,baseline,4,2000,4096,581,713,14721024,14454784
small,index-only,candidate,4,2000,4096,714,906,6537216,9830400
large,index,baseline,0,32000,16384,3275170,3270067,539869184,539406336
large,index,candidate,0,32000,16384,22798,23873,19136512,18878464
large,index,candidate,1,32000,16384,23327,25169,18534400,18206720
large,index,baseline,1,32000,16384,697665,699086,539742208,539492352
large,index,baseline,2,32000,16384,710694,711335,539934720,539582464
large,index,candidate,2,32000,16384,19381,20269,19075072,18812928
large,index,candidate,3,32000,16384,18045,18983,19263488,19144704
large,index,baseline,3,32000,16384,723550,724510,539664384,539291648
large,index,baseline,4,32000,16384,1595025,1594958,539602944,539283456
large,index,candidate,4,32000,16384,19345,20742,19013632,18673664
large,read,baseline,0,32000,16384,167255,169630,7880704,9830400
large,read,candidate,0,32000,16384,1081825,1084747,7680000,9830400
large,read,candidate,1,32000,16384,156811,158139,7827456,9830400
large,read,baseline,1,32000,16384,168449,170879,7806976,9830400
large,read,baseline,2,32000,16384,154884,156685,7802880,9830400
large,read,candidate,2,32000,16384,167982,169900,7999488,9830400
large,read,candidate,3,32000,16384,156281,157552,7692288,9830400
large,read,baseline,3,32000,16384,163073,164754,7733248,9830400
large,read,baseline,4,32000,16384,169730,171664,7667712,9830400
large,read,candidate,4,32000,16384,157264,158467,7811072,9830400
large,checksum,baseline,0,32000,16384,335092,335099,5812224,9830400
large,checksum,candidate,0,32000,16384,335391,335599,5853184,9830400
large,checksum,candidate,1,32000,16384,384911,384932,5873664,9830400
large,checksum,baseline,1,32000,16384,336012,336154,5627904,9830400
large,checksum,baseline,2,32000,16384,338033,338293,5857280,9830400
large,checksum,candidate,2,32000,16384,344619,344471,5869568,9830400
large,checksum,candidate,3,32000,16384,342512,342719,5931008,9830400
large,checksum,baseline,3,32000,16384,347675,347791,5713920,9830400
large,checksum,baseline,4,32000,16384,340128,340339,5804032,9830400
large,checksum,candidate,4,32000,16384,352316,351392,5967872,9830400
large,get,baseline,0,32000,16384,602086,606725,573480960,573972480
large,get,candidate,0,32000,16384,558902,562027,36962304,36691968
large,get,candidate,1,32000,16384,567562,570111,36986880,36597760
large,get,baseline,1,32000,16384,563800,567319,572993536,573399040
large,get,baseline,2,32000,16384,555020,558243,573038592,573501440
large,get,candidate,2,32000,16384,563101,567160,36954112,36753408
large,get,candidate,3,32000,16384,551248,553921,36933632,36544512
large,get,baseline,3,32000,16384,562248,567028,573001728,573534208
large,get,baseline,4,32000,16384,555060,558165,573173760,573685760
large,get,candidate,4,32000,16384,568217,571782,36925440,36642816
large,write,baseline,0,2000,16384,75431,77118,569868288,570519552
large,write,candidate,0,2000,16384,85017,86050,47357952,46997504
large,write,candidate,1,2000,16384,87129,86954,47423488,46956544
large,write,baseline,1,2000,16384,75941,76224,569524224,569593856
large,write,baseline,2,2000,16384,77151,78888,569925632,570552320
large,write,candidate,2,2000,16384,101910,102725,47542272,47300608
large,write,candidate,3,2000,16384,117493,116299,47935488,47443968
large,write,baseline,3,2000,16384,74732,76500,569896960,570540032
large,write,baseline,4,2000,16384,75177,77722,569344000,569999360
large,write,candidate,4,2000,16384,98960,97392,47431680,47026176
large,load,baseline,0,32000,16384,178045,179430,530989056,530677760
large,load,candidate,0,32000,16384,610,794,6922240,10092544
large,load,candidate,1,32000,16384,618,769,6995968,10092544
large,load,baseline,1,32000,16384,172746,173813,530837504,530468864
large,load,baseline,2,32000,16384,177581,179031,531124224,530829312
large,load,candidate,2,32000,16384,702,901,6959104,10092544
large,load,candidate,3,32000,16384,687,917,6905856,10092544
large,load,baseline,3,32000,16384,172691,174077,531128320,530804736
large,load,baseline,4,32000,16384,177098,178519,531128320,530812928
large,load,candidate,4,32000,16384,563,751,7032832,10092544
large,index-only,baseline,0,32000,16384,13112,13855,537964544,537612288
large,index-only,candidate,0,32000,16384,9942,10649,14299136,14114816
large,index-only,candidate,1,32000,16384,8907,9283,14049280,13844480
large,index-only,baseline,1,32000,16384,12503,13128,538054656,537751552
large,index-only,baseline,2,32000,16384,12721,13333,537935872,537571328
large,index-only,candidate,2,32000,16384,9622,10187,14036992,13754368
large,index-only,candidate,3,32000,16384,9159,9564,13950976,13742080
large,index-only,baseline,3,32000,16384,13011,13416,537858048,537509888
large,index-only,baseline,4,32000,16384,12614,13307,538140672,537759744
large,index-only,candidate,4,32000,16384,9315,9910,13975552,13672448
