jobs,repeat,lane,case,wall_s,cpu_s,max_process_rss_kib,output_count
2,0,baseline,regen,1.793783877000351,2.8590459999999998,163884,256
2,0,candidate,regen,1.815594044000136,2.991247,154036,256
2,1,candidate,regen,1.7995992050000496,2.872096,153280,256
2,1,baseline,regen,1.855852571000014,3.023892,154148,256
2,2,baseline,regen,1.8525563749999492,3.09729,154716,256
2,2,candidate,regen,1.8408083399999668,3.044766,163452,256
4,0,baseline,regen,1.790984139000102,3.0172049999999997,163172,256
4,0,candidate,regen,1.8898716139997305,3.078042,153252,256
4,1,candidate,regen,2.0274724370001422,3.391323,163460,256
4,1,baseline,regen,1.828362454999933,3.0424279999999997,179244,256
4,2,baseline,regen,1.8492271380000602,3.04384,154196,256
4,2,candidate,regen,1.8124055789999147,2.984681,154408,256
